time,v_train,Ptraction,Pregen,Fregen,Fmechanical,Pdc,Usc,SOCsc,Esc_kJ,Eregen_kJ,traction_command,service_brake_request
0,0,0,-0,-0,0,0,667.83231428256,0.35,26760,0,0,0
0.1,0,0,-0,-0,0,0,667.83231428256,0.35,26760,0,0.0333333333333333,0
0.2,0,0,-0,-0,0,0,667.83231428256,0.35,26760,0,0.0666666666666667,0
0.3,0,0,-0,-0,0,0,667.83231428256,0.35,26760,0,0.1,0
0.4,0,0,-0,-0,0,0,667.83231428256,0.35,26760,0,0.133333333333333,0
0.5,0,0,-0,0,0,0,667.83231428256,0.35,26760,0,0.166666666666667,0
0.6,0,0,-0,0,0,0,667.83231428256,0.35,26760,0,0.2,0
0.7,0,0,-0,0,0,0,667.83231428256,0.35,26760,0,0.233333333333333,0
0.8,0.00101506666666667,0,-0,0,0,0,667.83231428256,0.35,26760,0,0.266666666666667,0
0.9,0.00416913332337816,0,-0,0,0,0,667.83231428256,0.35,26760,0,0.3,0
1,0.00953349982210596,12.3264251292734,-0,0,0,0,667.83231428256,0.35,26760,0,0.333333333333333,0
1.1,0.0171438156106314,58.9820950835657,0,0,0,12.8400261763264,667.83231428256,0.35,26760,0,0.366666666666667,0
1.2,0.0270147829045706,153.949601408875,0,0,0,61.4396823787143,667.83231428256,0.35,26760,0,0.4,0
1.3,0.0391471733347413,311.117034539718,0,0,0,160.364168134244,667.83231428256,0.35,26760,0,0.433333333333333,0
1.4,0.0535376947163424,544.230876379246,0,0,0,324.080244312207,667.83231428256,0.35,26760,0,0.466666666666667,0
1.5,0.0701843687073213,866.848042041414,0,0,0,566.907162895047,667.83231428256,0.35,26760,0,0.5,0
1.6,0.0890860468484839,1292.43669178164,0,0,0,902.966710459807,667.83231428256,0.35,26760,0,0.533333333333333,0
1.7,0.110242101643625,1834.47496963845,0,0,0,1346.28822060588,667.83231428256,0.35,26760,0,0.566666666666667,0
1.8,0.133652220032462,2506.44902172397,0,0,0,1910.91142670671,667.83231428256,0.35,26760,0,0.6,0
1.9,0.15931625310014,3321.85150822178,0,0,0,2610.88439762914,667.83231428256,0.35,26760,0,0.633333333333333,0
2,0.187234125735603,4294.17999849974,0,0,0,3460.26198773102,667.83231428256,0.35,26760,0,0.666666666666667,0
2.1,0.217405793751815,5436.93497197721,0,0,0,4473.10416510389,667.83231428256,0.35,26760,0,0.7,0
2.2,0.249831223883757,6763.61825084095,0,0,0,5663.47392914293,667.83231428256,0.35,26760,0,0.733333333333333,0
2.3,0.284510384737518,8287.73216153538,0,0,0,7045.43567795932,667.83231428256,0.35,26760,0,0.766666666666667,0
2.4,0.321443242857654,10022.7790808887,0,0,0,8633.05433493268,667.83231428256,0.35,26760,0,0.8,0
2.5,0.360629761023383,11982.2611876946,0,0,0,10440.3948759258,667.83231428256,0.35,26760,0,0.833333333333333,0
2.6,0.402069897442918,14179.6803208331,0,0,0,12481.5220705152,667.83231428256,0.35,26760,0,0.866666666666667,0
2.7,0.445763605292842,16628.5378868142,0,0,0,14770.5003342012,667.83231428256,0.35,26760,0,0.9,0
2.8,0.491710832380625,19342.3347870312,0,0,0,17321.3936320981,667.83231428256,0.35,26760,0,0.933333333333333,0
2.9,0.539911520846129,22334.5713513543,0,0,0,20148.2654031575,667.83231428256,0.35,26760,0,0.966666666666667,0
3,0.590365606873029,25618.7472721882,0,0,0,23265.1784909941,667.83231428256,0.35,26760,0,1,0
3.1,0.643073020401388,29208.3615365413,0,0,0,26686.1950751961,667.83231428256,0.35,26760,0,1,0
3.2,0.698033684839406,33116.9123551627,0,0,0,30425.3766005639,667.83231428256,0.35,26760,0,1,0
3.3,0.755247516774299,37357.8970884176,0,0,0,34496.7837032945,667.83231428256,0.35,26760,0,1,0
3.4,0.814714425682618,41239.1911612992,0,0,0,38914.4761337683,667.83231428256,0.35,26760,0,1,0
3.5,0.876434313640305,44982.5111977791,0,0,0,42957.49079302,667.83231428256,0.35,26760,0,1,0
3.6,0.939266275032662,48710.241399581,0,0,0,46856.7824976865,667.83231428256,0.35,26760,0,1,0
3.7,1.0026398169825,52489.5784395121,0,0,0,50739.8347912302,667.83231428256,0.35,26760,0,1,0
3.8,1.06626965370033,56291.7754287251,0,0,0,54676.6442078251,667.83231428256,0.35,26760,0,1,0
3.9,1.13001310337154,60106.2585069692,0,0,0,58637.2660715886,667.83231428256,0.35,26760,0,1,0
4,1.19380229462933,63927.1437433303,0,0,0,62610.6859447595,667.83231428256,0.35,26760,0,1,0
4.1,1.25760851547008,67751.073345622,0,0,0,66590.7747326357,667.83231428256,0.35,26760,0,1,0
4.2,1.32142000232531,71576.2907878619,0,0,0,70574.0347350229,667.83231428256,0.35,26760,0,1,0
4.3,1.38523215021264,75402.0319121356,0,0,0,74558.6362373562,667.83231428256,0.35,26760,0,1,0
4.4,1.44904326483497,79227.9495738433,0,0,0,78543.7832418079,667.83231428256,0.35,26760,0,1,0
4.5,1.512852756751,83053.8876026047,0,0,0,82529.1141394201,667.83231428256,0.35,26760,0,1,0
4.6,1.57666041640318,86879.7764314872,0,0,0,86514.4662527132,667.83231428256,0.35,26760,0,1,0
4.7,1.64046615004378,90705.5842218962,0,0,0,90499.7671161325,667.83231428256,0.35,26760,0,1,0
4.8,1.70426989086851,94531.2950045358,0,0,0,94484.9835644752,667.83231428256,0.35,26760,0,1,0
4.9,1.76807157320068,98356.8995437162,0,0,0,98470.0989630581,667.83231428256,0.35,26760,0,1,0
5,1.83187112736643,102182.391422074,0,0,0,102455.103691371,667.83231428256,0.35,26760,0,1,0
5.1,1.8956684801743,106007.765381997,0,0,0,106439.99106466,667.83231428256,0.35,26760,0,1,0
5.2,1.9594635562405,109833.016635916,0,0,0,110424.755606247,667.83231428256,0.35,26760,0,1,0
5.3,2.02325627900447,113658.140583221,0,0,0,114409.392329079,667.83231428256,0.35,26760,0,1,0
5.4,2.08704657133203,117483.132695298,0,0,0,118393.896440855,667.83231428256,0.35,26760,0,1,0
5.5,2.15083435583139,121307.988470058,0,0,0,122378.263224269,667.83231428256,0.35,26760,0,1,0
5.6,2.21461955500582,125132.703414632,0,0,0,126362.487989644,667.83231428256,0.35,26760,0,1,0
5.7,2.27840209132296,128957.273039168,0,0,0,130346.566056908,667.83231428256,0.35,26760,0,1,0
5.8,2.34218188724469,132781.69285483,0,0,0,134330.492749134,667.83231428256,0.35,26760,0,1,0
5.9,2.40595886523947,136605.958373285,0,0,0,138314.263390447,667.83231428256,0.35,26760,0,1,0
6,2.46973294778718,140430.06510668,0,0,0,142297.873305505,667.83231428256,0.35,26760,0,1,0
6.1,2.53350405738111,144254.008567717,0,0,0,146281.317819459,667.83231428256,0.35,26760,0,1,0
6.2,2.59727211652884,148077.784269739,0,0,0,150264.592258038,667.83231428256,0.35,26760,0,1,0
6.3,2.66103704775268,151901.387726804,0,0,0,154247.691947645,667.83231428256,0.35,26760,0,1,0
6.4,2.72479877359013,155724.814453724,0,0,0,158230.612215421,667.83231428256,0.35,26760,0,1,0
6.5,2.78855721659415,159548.059966107,0,0,0,162213.348389296,667.83231428256,0.35,26760,0,1,0
6.6,2.85231229933361,163371.119780384,0,0,0,166195.895798028,667.83231428256,0.35,26760,0,1,0
6.7,2.91606394439359,167193.98941383,0,0,0,170178.249771233,667.83231428256,0.35,26760,0,1,0
6.8,2.97981207437579,171016.664384592,0,0,0,174160.405639406,667.83231428256,0.35,26760,0,1,0
6.9,3.04355661189889,174839.140211704,0,0,0,178142.35873395,667.83231428256,0.35,26760,0,1,0
7,3.10729747959892,178661.412415114,0,0,0,182124.104387192,667.83231428256,0.35,26760,0,1,0
7.1,3.17103460012964,182483.476515699,0,0,0,186105.63793241,667.83231428256,0.35,26760,0,1,0
7.2,3.2347678961629,186305.328035291,0,0,0,190086.954703853,667.83231428256,0.35,26760,0,1,0
7.3,3.29849729038906,190126.962496692,0,0,0,194068.050036761,667.83231428256,0.35,26760,0,1,0
7.4,3.36222270551729,193948.3754237,0,0,0,198048.919267387,667.83231428256,0.35,26760,0,1,0
7.5,3.42594406427602,197769.562341125,0,0,0,202029.557733021,667.83231428256,0.35,26760,0,1,0
7.6,3.48966128941325,201590.518774812,0,0,0,206009.960772005,667.83231428256,0.35,26760,0,1,0
7.7,3.55337430369699,205411.240251662,0,0,0,209990.123723763,667.83231428256,0.35,26760,0,1,0
7.8,3.61708302991555,209231.722299651,0,0,0,213970.041928815,667.83231428256,0.35,26760,0,1,0
7.9,3.68078739087801,213051.960447848,0,0,0,217949.710728803,667.83231428256,0.35,26760,0,1,0
8,3.74448730941451,216871.950226443,0,0,0,221929.125466508,667.83231428256,0.35,26760,0,1,0
8.1,3.80818270837665,220691.687166758,0,0,0,225908.281485878,667.83231428256,0.35,26760,0,1,0
8.2,3.8718735106379,224511.166801278,0,0,0,229887.17413204,667.83231428256,0.35,26760,0,1,0
8.3,3.93555963909391,228330.38466366,0,0,0,233865.798751331,667.83231428256,0.35,26760,0,1,0
8.4,3.99924101666294,232149.336288762,0,0,0,237844.150691312,667.83231428256,0.35,26760,0,1,0
8.5,4.06291756628618,235968.01721266,0,0,0,241822.225300794,667.83231428256,0.35,26760,0,1,0
8.6,4.12658921092817,239786.422972669,0,0,0,245800.017929854,667.83231428256,0.35,26760,0,1,0
8.7,4.19025587357714,243604.549107364,0,0,0,249777.523929864,667.83231428256,0.35,26760,0,1,0
8.8,4.25391747724537,247422.391156598,0,0,0,253754.738653504,667.83231428256,0.35,26760,0,1,0
8.9,4.31757394496961,251239.944661525,0,0,0,257731.657454789,667.83231428256,0.35,26760,0,1,0
9,4.3812251998114,255057.205164619,0,0,0,261708.275689088,667.83231428256,0.35,26760,0,1,0
9.1,4.44487116485748,258874.168209696,0,0,0,265684.588713145,667.83231428256,0.35,26760,0,1,0
9.2,4.50851176322013,262690.829341931,0,0,0,269660.5918851,667.83231428256,0.35,26760,0,1,0
9.3,4.57214691803756,266507.184107883,0,0,0,273636.280564512,667.83231428256,0.35,26760,0,1,0
9.4,4.63577655247425,270323.22805551,0,0,0,277611.650112378,667.83231428256,0.35,26760,0,1,0
9.5,4.69940058972138,274138.956734193,0,0,0,281586.695891156,667.83231428256,0.35,26760,0,1,0
9.6,4.76301895299713,277954.365694756,0,0,0,285561.413264785,667.83231428256,0.35,26760,0,1,0
9.7,4.82663156554708,281769.450489485,0,0,0,289535.797598704,667.83231428256,0.35,26760,0,1,0
9.8,4.89023835064459,285584.206672147,0,0,0,293509.84425988,667.83231428256,0.35,26760,0,1,0
9.9,4.95383923159116,289398.629798016,0,0,0,297483.54861682,667.83231428256,0.35,26760,0,1,0
10,5.01743413171678,293212.715423884,0,0,0,301456.9060396,667.83231428256,0.35,26760,0,1,0
10.1,5.08102297438031,297026.459108092,0,0,0,305429.91189988,667.83231428256,0.35,26760,0,1,0
10.2,5.14460568296987,300839.856410539,0,0,0,309402.561570929,667.83231428256,0.35,26760,0,1,0
10.3,5.20818218090317,304652.902892712,0,0,0,313374.850427645,667.83231428256,0.35,26760,0,1,0
10.4,5.2717523916279,308465.5941177,0,0,0,317346.773846575,667.83231428256,0.35,26760,0,1,0
10.5,5.33531623862208,312277.925650217,0,0,0,321318.327205938,667.83231428256,0.35,26760,0,1,0
10.6,5.39887364539445,316089.89305662,0,0,0,325289.505885643,667.83231428256,0.35,26760,0,1,0
10.7,5.46242453548482,319901.491904931,0,0,0,329260.305267312,667.83231428256,0.35,26760,0,1,0
10.8,5.52596883246442,323712.717764856,0,0,0,333230.720734303,667.83231428256,0.35,26760,0,1,0
10.9,5.5895064599363,327523.566207806,0,0,0,337200.747671725,667.83231428256,0.35,26760,0,1,0
11,5.65303734153569,331334.032806916,0,0,0,341170.381466464,667.83231428256,0.35,26760,0,1,0
11.1,5.71656140093032,335144.113137067,0,0,0,345139.617507205,667.83231428256,0.35,26760,0,1,0
11.2,5.78007856182084,338953.802774903,0,0,0,349108.451184445,667.83231428256,0.35,26760,0,1,0
11.3,5.84358874794115,342763.097298853,0,0,0,353076.877890524,667.83231428256,0.35,26760,0,1,0
11.4,5.90709188305878,346571.992289151,0,0,0,357044.893019639,667.83231428256,0.35,26760,0,1,0
11.5,5.97058789097525,350380.483327855,0,0,0,361012.491967865,667.83231428256,0.35,26760,0,1,0
11.6,6.03407669552643,354188.565998868,0,0,0,364979.670133182,667.83231428256,0.35,26760,0,1,0
11.7,6.09755822058289,357996.235887958,0,0,0,368946.422915487,667.83231428256,0.35,26760,0,1,0
11.8,6.16103239005029,361803.488582777,0,0,0,372912.745716623,667.83231428256,0.35,26760,0,1,0
11.9,6.22449912786972,365610.319672881,0,0,0,376878.633940393,667.83231428256,0.35,26760,0,1,0
12,6.28795835801808,369416.724749751,0,0,0,380844.082992585,667.83231428256,0.35,26760,0,1,0
12.1,6.35141000450841,373222.699406812,0,0,0,384809.088280991,667.83231428256,0.35,26760,0,1,0
12.2,6.41485399139028,377028.239239452,0,0,0,388773.645215429,667.83231428256,0.35,26760,0,1,0
12.3,6.47829024275015,380833.339845044,0,0,0,392737.749207763,667.83231428256,0.35,26760,0,1,0
12.4,6.54171868271171,384637.996822964,0,0,0,396701.395671921,667.83231428256,0.35,26760,0,1,0
12.5,6.60513923543626,388442.205774612,0,0,0,400664.580023921,667.83231428256,0.35,26760,0,1,0
12.6,6.66855182512304,392245.962303431,0,0,0,404627.297681888,667.83231428256,0.35,26760,0,1,0
12.7,6.73195637600963,396049.262014927,0,0,0,408589.544066074,667.83231428256,0.35,26760,0,1,0
12.8,6.79535281237227,399852.100516688,0,0,0,412551.314598882,667.83231428256,0.35,26760,0,1,0
12.9,6.85874105852626,403654.473418406,0,0,0,416512.604704884,667.83231428256,0.35,26760,0,1,0
13,6.92212103882627,407456.376331894,0,0,0,420473.40981084,667.83231428256,0.35,26760,0,1,0
13.1,6.98549267766671,411257.804871106,0,0,0,424433.725345723,667.83231428256,0.35,26760,0,1,0
13.2,7.04885589948214,415058.754652161,0,0,0,428393.546740736,667.83231428256,0.35,26760,0,1,0
13.3,7.11221062874754,418859.221293355,0,0,0,432352.869429334,667.83231428256,0.35,26760,0,1,0
13.4,7.17555678997874,422659.200415186,0,0,0,436311.688847244,667.83231428256,0.35,26760,0,1,0
13.5,7.23889430773272,426458.687640375,0,0,0,440270.000432486,667.83231428256,0.35,26760,0,1,0
13.6,7.302223106608,430257.67859388,0,0,0,444227.799625391,667.83231428256,0.35,26760,0,1,0
13.7,7.365543111245,434056.168902919,0,0,0,448185.081868625,667.83231428256,0.35,26760,0,1,0
13.8,7.42885424632635,437854.15419699,0,0,0,452141.842607207,667.83231428256,0.35,26760,0,1,0
13.9,7.4921564365773,441651.630107889,0,0,0,456098.077288532,667.83231428256,0.35,26760,0,1,0
14,7.55544960676604,445448.59226973,0,0,0,460053.781362385,667.83231428256,0.35,26760,0,1,0
14.1,7.61873368170405,449245.036318965,0,0,0,464008.950280969,667.83231428256,0.35,26760,0,1,0
14.2,7.68200858624647,453040.957894402,0,0,0,467963.579498922,667.83231428256,0.35,26760,0,1,0
14.3,7.74527424529244,456836.352637227,0,0,0,471917.664473336,667.83231428256,0.35,26760,0,1,0
14.4,7.80853058378546,460631.21619102,0,0,0,475871.200663778,667.83231428256,0.35,26760,0,1,0
14.5,7.87177752671374,464425.544201777,0,0,0,479824.183532312,667.83231428256,0.35,26760,0,1,0
14.6,7.93501499911055,468219.33231793,0,0,0,483776.608543518,667.83231428256,0.35,26760,0,1,0
14.7,7.99824292605456,472012.576190362,0,0,0,487728.47116451,667.83231428256,0.35,26760,0,1,0
14.8,8.06146123267021,475805.271472432,0,0,0,491679.76686496,667.83231428256,0.35,26760,0,1,0
14.9,8.12466984412803,479597.413819989,0,0,0,495630.491117117,667.83231428256,0.35,26760,0,1,0
15,8.18786868564503,483388.998891397,0,0,0,499580.639395822,667.83231428256,0.35,26760,0,1,0
15.1,8.25105768248501,487180.022347548,0,0,0,503530.207178539,667.83231428256,0.35,26760,0,1,0
15.2,8.31423675995893,490970.479851885,0,0,0,507479.189945362,667.83231428256,0.35,26760,0,1,0
15.3,8.37740584342525,494760.367070422,0,0,0,511427.583179047,667.83231428256,0.35,26760,0,1,0
15.4,8.44056485829027,498549.679671759,0,0,0,515375.382365023,667.83231428256,0.35,26760,0,1,0
15.5,8.50371373000851,502338.413327107,0,0,0,519322.582991416,667.83231428256,0.35,26760,0,1,0
15.6,8.566852384083,506126.563710301,0,0,0,523269.18054907,667.83231428256,0.35,26760,0,1,0
15.7,8.62998074606567,509914.126497823,0,0,0,527215.170531564,667.83231428256,0.35,26760,0,1,0
15.8,8.6930987415577,513701.097368821,0,0,0,531160.548435233,667.83231428256,0.35,26760,0,1,0
15.9,8.75620629620981,517487.472005126,0,0,0,535105.309759189,667.83231428256,0.35,26760,0,1,0
16,8.81930333572267,521273.246091272,0,0,0,539049.450005339,667.83231428256,0.35,26760,0,1,0
16.1,8.8823897858472,525058.415314516,0,0,0,542992.964678408,667.83231428256,0.35,26760,0,1,0
16.2,8.94546557238493,528842.975364856,0,0,0,546935.849285954,667.83231428256,0.35,26760,0,1,0
16.3,9.00853062118834,532626.921935049,0,0,0,550878.099338392,667.83231428256,0.35,26760,0,1,0
16.4,9.0715848581612,536410.250720633,0,0,0,554819.71034901,667.83231428256,0.35,26760,0,1,0
16.5,9.13462820925893,540192.957419942,0,0,0,558760.677833993,667.83231428256,0.35,26760,0,1,0
16.6,9.19766060048889,543975.037734127,0,0,0,562700.997312439,667.83231428256,0.35,26760,0,1,0
16.7,9.26068195791079,547756.487367176,0,0,0,566640.664306382,667.83231428256,0.35,26760,0,1,0
16.8,9.32369220763697,551537.30202593,0,0,0,570579.674340808,667.83231428256,0.35,26760,0,1,0
16.9,9.38669127583278,555317.477420103,0,0,0,574518.022943677,667.83231428256,0.35,26760,0,1,0
17,9.44967908871691,559097.009262303,0,0,0,578455.705645941,667.83231428256,0.35,26760,0,1,0
17.1,9.51265557256168,562875.893268047,0,0,0,582392.717981566,667.83231428256,0.35,26760,0,1,0
17.2,9.57562065369348,566654.125155782,0,0,0,586329.055487549,667.83231428256,0.35,26760,0,1,0
17.3,9.63857425849299,570431.700646902,0,0,0,590264.713703939,667.83231428256,0.35,26760,0,1,0
17.4,9.70151631339562,574208.615465768,0,0,0,594199.688173856,667.83231428256,0.35,26760,0,1,0
17.5,9.76444674489177,577984.86533973,0,0,0,598133.974443509,667.83231428256,0.35,26760,0,1,0
17.6,9.82736547952721,581760.445999136,0,0,0,602067.568062219,667.83231428256,0.35,26760,0,1,0
17.7,9.89027244390339,585535.353177362,0,0,0,606000.464582434,667.83231428256,0.35,26760,0,1,0
17.8,9.95316756467779,589309.582610821,0,0,0,609932.659559752,667.83231428256,0.35,26760,0,1,0
17.9,10.0160507685643,593083.130038987,0,0,0,613864.148552938,667.83231428256,0.35,26760,0,1,0
18,10.0789219823333,596855.991204415,0,0,0,617794.927123945,667.83231428256,0.35,26760,0,1,0
18.1,10.1417811328125,600628.161852752,0,0,0,621724.990837932,667.83231428256,0.35,26760,0,1,0
18.2,10.2046281468868,604399.637732762,0,0,0,625654.335263283,667.83231428256,0.35,26760,0,1,0
18.3,10.2674629514988,608170.414596344,0,0,0,629582.955971627,667.83231428256,0.35,26760,0,1,0
18.4,10.330285473649,611940.488198545,0,0,0,633510.848537858,667.83231428256,0.35,26760,0,1,0
18.5,10.3930956403965,615709.854297585,0,0,0,637438.008540151,667.83231428256,0.35,26760,0,1,0
18.6,10.455893378859,619478.508654873,0,0,0,641364.431559985,667.83231428256,0.35,26760,0,1,0
18.7,10.518678616213,623246.447035022,0,0,0,645290.113182159,667.83231428256,0.35,26760,0,1,0
18.8,10.5814512796947,627013.665205871,0,0,0,649215.048994814,667.83231428256,0.35,26760,0,1,0
18.9,10.6442112965996,630780.158938504,0,0,0,653139.234589449,667.83231428256,0.35,26760,0,1,0
19,10.7069585942834,634545.924007264,0,0,0,657062.665560942,667.83231428256,0.35,26760,0,1,0
19.1,10.7696931001622,638310.956189775,0,0,0,660985.337507567,667.83231428256,0.35,26760,0,1,0
19.2,10.8324147417126,642075.251266958,0,0,0,664907.246031016,667.83231428256,0.35,26760,0,1,0
19.3,10.8951234464721,645838.805023049,0,0,0,668828.386736415,667.83231428256,0.35,26760,0,1,0
19.4,10.9578191420398,649601.61324562,0,0,0,672748.755232343,667.83231428256,0.35,26760,0,1,0
19.5,11.020501756076,653363.671725593,0,0,0,676668.347130854,667.83231428256,0.35,26760,0,1,0
19.6,11.0831712163034,657124.97625726,0,0,0,680587.158047492,667.83231428256,0.35,26760,0,1,0
19.7,11.1458274505066,660885.522638302,0,0,0,684505.183601312,667.83231428256,0.35,26760,0,1,0
19.8,11.208470386533,664645.306669805,0,0,0,688422.419414898,667.83231428256,0.35,26760,0,1,0
19.9,11.2710999522929,668404.324156279,0,0,0,692338.86111438,667.83231428256,0.35,26760,0,1,0
20,11.3337160757598,672162.570905676,0,0,0,696254.504329458,667.83231428256,0.35,26760,0,0,0
20.1,11.3963186849707,675920.042729406,0,0,0,700169.344693413,667.83231428256,0.35,26760,0,0,0
20.2,11.4589077080265,679676.735442358,0,0,0,704083.377843132,667.83231428256,0.35,26760,0,0,0
20.3,11.5214830730924,337826.893438262,0,0,0,707996.599419123,667.83231428256,0.35,26760,0,0,0
20.4,11.5840447083981,165932.019442421,0,0,0,351903.013998189,667.83231428256,0.35,26760,0,0,0
20.5,11.6123685422379,79489.4764182466,0,0,0,172845.853585855,667.83231428256,0.35,26760,0,0,0
20.6,11.6235741939348,36010.4807285093,0,0,0,82801.5379356736,667.83231428256,0.35,26760,0,0,0
20.7,11.6262214966195,15173.3614577519,0,0,0,37510.9174255305,667.83231428256,0.35,26760,0,0,0
20.8,11.6245903721872,6341.9570052802,0,0,0,15805.5848518249,667.83231428256,0.35,26760,0,0,0
20.9,11.6209260282693,2732.82658242761,0,0,0,6606.20521383354,667.83231428256,0.35,26760,0,0,0
21,11.616403644308,1334.03265832321,0,0,0,2846.69435669543,667.83231428256,0.35,26760,0,0,0
21.1,11.6115318046423,834.494882018061,0,0,0,1389.61735242001,667.83231428256,0.35,26760,0,0,0
21.2,11.6065252984664,676.228985642402,0,0,0,869.265502102147,667.83231428256,0.35,26760,0,0,0
21.3,11.6014714450358,635.214149368042,0,0,0,704.405193377502,667.83231428256,0.35,26760,0,0,0
21.4,11.5964033808617,629.894877933014,0,0,0,661.68140559171,667.83231428256,0.35,26760,0,0,0
21.5,11.591332493915,632.853090978945,0,0,0,656.14049784689,667.83231428256,0.35,26760,0,0,0
21.6,11.5862622524535,636.137381176143,0,0,0,659.221969769735,667.83231428256,0.35,26760,0,0,0
21.7,11.5811934608528,638.176824637428,0,0,0,662.643105391816,667.83231428256,0.35,26760,0,0,0
21.8,11.5761261503745,639.124717088255,0,0,0,664.767525663988,667.83231428256,0.35,26760,0,0,0
21.9,11.5710601993107,639.39223799168,0,0,0,665.754913633599,667.83231428256,0.35,26760,0,0,0
22,11.5659955007353,639.293461889791,0,0,0,666.033581241333,667.83231428256,0.35,26760,0,0,0
22.1,11.5609319876701,639.01458436121,0,0,0,665.930689468532,667.83231428256,0.35,26760,0,0,0
22.2,11.5558696236838,638.653011398654,0,0,0,665.640192042927,667.83231428256,0.35,26760,0,0,0
22.3,11.5508083904671,638.255690300781,0,0,0,665.263553540265,667.83231428256,0.35,26760,0,0,0
22.4,11.5457482791968,637.843857241425,0,0,0,664.849677396647,667.83231428256,0.35,26760,0,0,0
22.5,11.5406892856247,637.426589487655,0,0,0,664.420684626485,667.83231428256,0.35,26760,0,0,0
22.6,11.5356314075732,637.007552820287,0,0,0,663.986030716307,667.83231428256,0.35,26760,0,0,0
22.7,11.5305746437507,636.588136004772,0,0,0,663.549534187799,667.83231428256,0.35,26760,0,0,0
22.8,11.5255189932238,636.168823656581,0,0,0,663.112641671637,667.83231428256,0.35,26760,0,0,0
22.9,11.5204644551953,635.749764780739,0,0,0,662.675857975606,667.83231428256,0.35,26760,0,0,0
23,11.5154110289157,635.330994593212,0,0,0,662.23933831327,667.83231428256,0.35,26760,0,0,0
23.1,11.5103587136508,634.912515044265,0,0,0,661.803119367929,667.83231428256,0.35,26760,0,0,0
23.2,11.5053075086702,634.494321224462,0,0,0,661.36720317111,667.83231428256,0.35,26760,0,0,0
23.3,11.5002574132442,634.076408602475,0,0,0,660.931584608814,667.83231428256,0.35,26760,0,0,0
23.4,11.4952084266432,633.65877421543,0,0,0,660.496258960911,667.83231428256,0.35,26760,0,0,0
23.5,11.4901605481375,633.241416335973,0,0,0,660.061223141073,667.83231428256,0.35,26760,0,0,0
23.6,11.485113776998,632.824333977311,0,0,0,659.626475349972,667.83231428256,0.35,26760,0,0,0
23.7,11.4800681124954,632.407526543193,0,0,0,659.192014559699,667.83231428256,0.35,26760,0,0,0
23.8,11.4750235539012,631.990993626278,0,0,0,658.75784014916,667.83231428256,0.35,26760,0,0,0
23.9,11.4699801004873,631.574734905463,0,0,0,658.32395169404,667.83231428256,0.35,26760,0,0,0
24,11.4649377515259,631.158750096702,0,0,0,657.890348859857,667.83231428256,0.35,26760,0,0,0
24.1,11.4598965062899,630.743038931271,0,0,0,657.457031350731,667.83231428256,0.35,26760,0,0,0
24.2,11.4548563640524,630.327601146168,0,0,0,657.023998886741,667.83231428256,0.35,26760,0,0,0
24.3,11.4498173240871,629.91243648096,0,0,0,656.591251193925,667.83231428256,0.35,26760,0,0,0
24.4,11.4447793856684,629.497544675884,0,0,0,656.158788001,667.83231428256,0.35,26760,0,0,0
24.5,11.4397425480708,629.082925471619,0,0,0,655.726609037379,667.83231428256,0.35,26760,0,0,0
24.6,11.4347068105695,628.668578609374,0,0,0,655.294714032937,667.83231428256,0.35,26760,0,0,0
24.7,11.4296721724402,628.254503830335,0,0,0,654.863102718098,667.83231428256,0.35,26760,0,0,0
24.8,11.4246386329589,627.84070087605,0,0,0,654.431774823266,667.83231428256,0.35,26760,0,0,0
24.9,11.4196061914022,627.427169488355,0,0,0,654.000730079219,667.83231428256,0.35,26760,0,0,0
25,11.4145748470472,627.013909409341,0,0,0,653.569968217037,667.83231428256,0.35,26760,0,0,0
25.1,11.4095445991714,626.600920381331,0,0,0,653.139488968063,667.83231428256,0.35,26760,0,0,0
25.2,11.4045154470528,626.188202146879,0,0,0,652.709292063887,667.83231428256,0.35,26760,0,0,0
25.3,11.3994873899698,625.775754448886,0,0,0,652.279377236332,667.83231428256,0.35,26760,0,0,0
25.4,11.3944604272015,625.363577030542,0,0,0,651.84974421759,667.83231428256,0.35,26760,0,0,0
25.5,11.3894345580272,624.951669635348,0,0,0,651.420392740148,667.83231428256,0.35,26760,0,0,0
25.6,11.3844097817269,624.54003200701,0,0,0,650.991322536821,667.83231428256,0.35,26760,0,0,0
25.7,11.3793860975808,624.128663889437,0,0,0,650.562533340635,667.83231428256,0.35,26760,0,0,0
25.8,11.3743635048698,623.717565026949,0,0,0,650.13402488483,667.83231428256,0.35,26760,0,0,0
25.9,11.3693420028753,623.306735164045,0,0,0,649.705796903072,667.83231428256,0.35,26760,0,0,0
26,11.364321590879,622.896174045488,0,0,0,649.277849129214,667.83231428256,0.35,26760,0,0,0
26.1,11.3593022681631,622.48588141641,0,0,0,648.850181297384,667.83231428256,0.35,26760,0,0,0
26.2,11.3542840340103,622.075857022103,0,0,0,648.422793142094,667.83231428256,0.35,26760,0,0,0
26.3,11.3492668877039,621.666100608113,0,0,0,647.995684398024,667.83231428256,0.35,26760,0,0,0
26.4,11.3442508285274,621.25661192035,0,0,0,647.568854800118,667.83231428256,0.35,26760,0,0,0
26.5,11.339235855765,620.84739070501,0,0,0,647.142304083697,667.83231428256,0.35,26760,0,0,0
26.6,11.3342219687013,620.438436708413,0,0,0,646.716031984385,667.83231428256,0.35,26760,0,0,0
26.7,11.3292091666212,620.029749677238,0,0,0,646.29003823793,667.83231428256,0.35,26760,0,0,0
26.8,11.3241974488105,619.621329358517,0,0,0,645.864322580456,667.83231428256,0.35,26760,0,0,0
26.9,11.3191868145549,619.213175499437,0,0,0,645.438884748456,667.83231428256,0.35,26760,0,0,0
27,11.3141772631409,618.805287847428,0,0,0,645.01372447858,667.83231428256,0.35,26760,0,0,0
27.1,11.3091687938556,618.397666150348,0,0,0,644.588841507738,667.83231428256,0.35,26760,0,0,0
27.2,11.3041614059862,617.990310156045,0,0,0,644.164235573279,667.83231428256,0.35,26760,0,0,0
27.3,11.2991550988205,617.58321961286,0,0,0,643.739906412546,667.83231428256,0.35,26760,0,0,0
27.4,11.294149871647,617.176394269358,0,0,0,643.315853763396,667.83231428256,0.35,26760,0,0,0
27.5,11.2891457237543,616.769833874318,0,0,0,642.892077363915,667.83231428256,0.35,26760,0,0,0
27.6,11.2841426544316,616.363538176861,0,0,0,642.468576952414,667.83231428256,0.35,26760,0,0,0
27.7,11.2791406629688,615.957506926321,0,0,0,642.045352267563,667.83231428256,0.35,26760,0,0,0
27.8,11.2741397486558,615.551739872245,0,0,0,641.622403048251,667.83231428256,0.35,26760,0,0,0
27.9,11.2691399107834,615.146236764451,0,0,0,641.199729033588,667.83231428256,0.35,26760,0,0,0
28,11.2641411486426,614.740997353196,0,0,0,640.777329962969,667.83231428256,0.35,26760,0,0,0
28.1,11.259143461525,614.336021388802,0,0,0,640.355205576246,667.83231428256,0.35,26760,0,0,0
28.2,11.2541468487225,613.931308622048,0,0,0,639.933355613335,667.83231428256,0.35,26760,0,0,0
28.3,11.2491513095277,613.526858803726,0,0,0,639.511779814633,667.83231428256,0.35,26760,0,0,0
28.4,11.2441568432333,613.122671684867,0,0,0,639.090477920548,667.83231428256,0.35,26760,0,0,0
28.5,11.2391634491329,612.718747017241,0,0,0,638.669449671736,667.83231428256,0.35,26760,0,0,0
28.6,11.2341711265201,612.315084552448,0,0,0,638.248694809626,667.83231428256,0.35,26760,0,0,0
28.7,11.2291798746894,611.911684042299,0,0,0,637.828213075467,667.83231428256,0.35,26760,0,0,0
28.8,11.2241896929355,611.508545239136,0,0,0,637.408004210728,667.83231428256,0.35,26760,0,0,0
28.9,11.2192005805536,611.105667895481,0,0,0,636.988067957434,667.83231428256,0.35,26760,0,0,0
29,11.2142125368392,610.703051763978,0,0,0,636.568404057792,667.83231428256,0.35,26760,0,0,0
29.1,11.2092255610887,610.300696597571,0,0,0,636.149012254144,667.83231428256,0.35,26760,0,0,0
29.2,11.2042396525985,609.898602149774,0,0,0,635.729892289136,667.83231428256,0.35,26760,0,0,0
29.3,11.1992548106656,609.496768174043,0,0,0,635.311043906015,667.83231428256,0.35,26760,0,0,0
29.4,11.1942710345876,609.095194424032,0,0,0,634.892466847961,667.83231428256,0.35,26760,0,0,0
29.5,11.1892883236624,608.693880653858,0,0,0,634.474160858367,667.83231428256,0.35,26760,0,0,0
29.6,11.1843066771883,608.292826617713,0,0,0,634.056125681102,667.83231428256,0.35,26760,0,0,0
29.7,11.1793260944643,607.892032070315,0,0,0,633.638361060117,667.83231428256,0.35,26760,0,0,0
29.8,11.1743465747896,607.491496766427,0,0,0,633.220866739911,667.83231428256,0.35,26760,0,0,0
29.9,11.1693681174641,607.091220461129,0,0,0,632.803642465028,667.83231428256,0.35,26760,0,0,0
30,11.1643907217878,606.691202909824,0,0,0,632.386687980342,667.83231428256,0.35,26760,0,0,1
30.1,11.1594143870614,606.291443868055,0,0,0,631.970003031067,667.83231428256,0.35,26760,0,0,1
30.2,11.1544391125861,605.891943091596,0,0,80000,631.553587362557,667.83231428256,0.35,26760,0,0,1
30.3,11.055420453219,605.492700336505,0,0,80000,631.137440720412,667.83231428256,0.35,26760,0,0,1
30.4,10.9564230289974,605.093715359083,0,0,80000,630.721562850526,667.83231428256,0.35,26760,0,0,1
30.5,10.8574466459714,0,0,0,80000,630.305953499045,667.83231428256,0.35,26760,0,0,1
30.6,10.7584911103535,0,290258.112463717,26531.1900399557,80000,-290258.112463717,667.83231428256,0.35,26760,0,0,1
30.7,10.6283061342846,0,429233.612593093,39588.8201832598,53468.8099600443,-429233.612593093,667.83231428256,0.35,26760,0,0,1
30.8,10.5139869772718,0,495633.649716978,46129.7082418202,40411.1798167402,-495633.649716978,668.179925603832,0.350829308892753,26787.8647787965,13.9323893982581,0,1
30.9,10.4073519649796,0,526063.551477963,49412.2323561307,33870.2917581798,-526063.551477963,668.693641931857,0.35205569064302,26829.0712056055,48.4679922009855,0,1
31,10.3045688955698,0,536227.284924168,50983.8327776665,30587.7676438693,-536227.284924168,669.286336779437,0.353471786785068,26876.6520359783,92.861620791868,0,1
31.1,10.2038176804644,0,538341.95547816,51741.4292104636,29016.1672223335,-538341.95547816,669.914847038042,0.354974825503576,26927.1541369202,141.903086449226,0,1
31.2,10.1040433359887,0,539107.60865211,52345.9211736535,28258.5707895364,-539107.60865211,670.554894052591,0.356506903460503,26978.6319562729,192.893046596529,0,1
31.3,10.0044685511685,0,539393.908540895,52896.1225531185,27654.0788263465,-539393.908540895,671.196851204359,0.358045023333297,27030.3127839988,244.47237013584,0,1
31.4,9.90497693384642,0,539464.889094333,53425.4417263815,27103.8774468815,-539464.889094333,671.839106662071,0.359585330786589,27082.0671144294,296.189949214093,0,1
31.5,9.80552900310371,0,539404.179110073,53946.9299281474,26574.5582736185,-539404.179110073,672.481089320849,0.361126456239563,27133.8489296493,347.958022039356,0,1
31.6,9.70610921693424,0,539770.177753298,54520.8339961611,26053.0700718526,-539770.177753298,673.122544056211,0.362667784494118,27185.6375590024,399.743244325848,0,1
31.7,9.60664655544548,0,540241.252160536,55116.534428039,25479.1660038389,-540241.252160536,673.763316011849,0.364208939291576,27237.4203601969,451.52895959966,0,1
31.8,9.50717683052193,0,540599.233134667,55712.420125959,24883.465571961,-540599.233134667,674.403913309886,0.365751139799442,27289.2382972613,503.329328729101,0,1
31.9,9.40772525734171,0,540776.638901007,56301.5532135394,24287.579874041,-540776.638901007,675.044460973605,0.367294686234187,27341.1014574687,555.169877364966,0,1
32,9.30829979727134,0,540779.379850148,56884.7611100172,23698.4467864606,-540779.379850148,675.684825243367,0.368839255471714,27392.9989838496,607.050220659134,0,1
32.1,9.20889928181356,0,540648.514752425,57466.0134642542,23115.2388899828,-540648.514752425,676.32479304429,0.37038433158286,27444.9135411841,658.956262516847,0,1
32.2,9.10951884896406,0,540432.034725956,58050.2489228245,22533.9865357458,-540432.034725956,676.964159091279,0.371929415525289,27496.8283616497,710.870951416904,0,1
32.3,9.0101524986075,0,540163.095913802,58641.1090239296,21949.7510771755,-540163.095913802,677.602767348072,0.373474125567439,27548.7306190659,762.779490357828,0,1
32.4,8.91079575661185,0,539861.276427611,59240.959208141,21358.8909760704,-539861.276427611,678.240518970466,0.375018217095227,27600.6120943996,814.671356732787,0,1
32.5,8.81144564982027,0,539537.282193555,59851.3084001271,20759.040791859,-539537.282193555,678.877354554406,0.376561540226409,27652.4677516074,866.539923003496,0,1
32.6,8.71210021251951,0,539197.873283109,60473.2983658721,20148.6915998729,-539197.873283109,679.513237964555,0.378104001016203,27704.2944341444,918.381092875885,0,1
32.7,8.61275791098091,0,538846.156972083,61107.6986450149,19526.7016341279,-538846.156972083,680.148145789271,0.379645536108184,27756.090013235,970.192223689702,0,1
32.8,8.5134176493307,0,538483.058048071,61755.0538685404,18892.3013549851,-538483.058048071,680.782062644013,0.381186101460422,27807.8530090702,1021.97151115258,0,1
32.9,8.41407859628608,0,538108.57726943,62415.8199306956,18244.9461314596,-538108.57726943,681.414976845234,0.382725661908913,27859.5822401395,1073.71762460483,0,1
33,8.31474002502611,0,537722.44951129,63090.4399540993,17584.1800693044,-537722.44951129,682.046877833092,0.384264184931908,27911.2766137121,1125.4294269258,0,1
33.1,8.21540122386735,0,537324.421538165,63779.3763264227,16909.5600459007,-537324.421538165,682.677755083245,0.38580163800982,27962.93503713,1177.10582542104,0,1
33.2,8.11606145859499,0,536914.313743334,64483.1204216669,16220.6236735773,-536914.313743334,683.307597795252,0.387337987865567,28014.556392283,1228.74571470651,0,1
33.3,8.01671996103298,0,536491.96393188,65202.1886590543,15516.8795783331,-536491.96393188,683.936394907581,0.388873200498533,28066.1395367507,1280.34796451689,0,1
33.4,7.91737593367668,0,536057.173236148,65937.1180495847,14797.8113409457,-536057.173236148,684.564135184694,0.390407241394943,28117.6833108701,1331.9114238104,0,1
33.5,7.81802855492672,0,535609.68173536,66688.4647370455,14062.8819504153,-535609.68173536,685.190807237998,0.391940075577605,28169.1865394075,1383.43492513881,0,1
33.6,7.71867698080161,0,535149.169057201,67456.8053809741,13311.5352629545,-535149.169057201,685.816399483591,0.393471667501137,28220.6480280382,1434.91728372287,0,1
33.7,7.61932034330904,0,534675.25879792,68242.7390012714,12543.1946190259,-534675.25879792,686.440900071822,0.395001980877524,28272.0665574848,1486.35729276151,0,1
33.8,7.5199577482745,0,534187.524929704,69046.8892145113,11757.2609987286,-534187.524929704,687.064296817921,0.396530978503401,28323.4408777143,1537.75371759955,0,1
33.9,7.42058827270946,0,533685.498798561,69869.9067511916,10953.1107854887,-533685.498798561,687.686577138148,0.398058622099967,28374.7697025589,1589.10529013659,0,1
34,7.32121096184955,0,533168.674927625,70712.4720437962,10130.0932488084,-533168.674927625,688.307727993714,0.399584872171195,28426.0517049521,1640.41070375552,0,1
34.1,7.22182482610946,0,532636.514857806,71575.2977651646,9287.52795620383,-532636.514857806,688.927735843134,0.401109687882048,28477.2855128368,1691.66860889448,0,1
34.2,7.12242883809654,0,532088.448971473,72459.1313050916,8424.70223483536,-532088.448971473,689.546586601537,0.40263302695327,28528.4697056299,1742.87760923333,0,1
34.3,7.02302192969695,0,531523.876548437,73364.7572131892,7540.86869490839,-531523.876548437,690.164265604648,0.404154845567149,28579.6028110562,1794.03625834304,0,1
34.4,6.92360298920166,0,530942.164627529,74292.9996832095,6635.24278681085,-530942.164627529,690.780757575048,0.405675098278496,28630.6833021575,1845.14305660684,0,1
34.5,6.8241708583835,0,529509.330812368,75126.4948243375,5707.00031679054,-529509.330812368,691.396046588665,0.407193737925777,28681.7095943061,1896.1964482318,0,1
34.6,6.72486331575813,0,525014.992738667,75543.1880545667,4873.5051756625,-525014.992738667,692.010116040105,0.408710715538999,28732.6800421104,1947.19481820824,0,1
34.7,6.62605874714038,0,519009.874329087,75751.4746270287,4456.81194543331,-519009.874329087,692.621986101466,0.41022359934132,28783.5129378683,1998.09648998936,0,1
34.8,6.52751191736461,0,512259.046455744,75855.551932557,4248.52537297127,-512259.046455744,693.228129564519,0.411723642177716,28833.9143771713,2048.71365751981,0,1
34.9,6.42910011545548,0,505152.733821045,75907.881997095,4144.44806744295,-505152.733821045,693.826819471868,0.413206527532942,28883.7393251069,2098.82685113906,0,1
35,6.33076146495068,0,497913.143371813,75935.6887036086,4092.11800290502,-497913.143371813,694.417216011222,0.41467012480853,28932.9161935666,2148.32775933673,0,1
35.1,6.23246376656703,0,490610.535528961,75951.5820471674,4064.31129639142,-490610.535528961,694.998931126437,0.416113418333733,28981.4108560134,2197.16352479002,0,1
35.2,6.13419200475338,0,483270.95778589,75960.5561788374,4048.41795283256,-483270.95778589,695.571833311474,0.417536027314795,29029.2105177771,2245.31068689528,0,1
35.3,6.03594011881955,0,475910.43260927,75965.5878322003,4039.44382116264,-475910.43260927,696.135871905141,0.418937771702021,29076.3091291879,2292.75982348251,0,1
35.4,5.93770442051634,0,468538.331359331,75968.4021485278,4034.41216779966,-468538.331359331,696.691025983247,0.420318545867123,29122.7031411353,2339.50613516162,0,1
35.5,5.83948269344723,0,461160.152801147,75969.9842844729,4031.59785147221,-461160.152801147,697.237292733087,0.421678289960293,29168.3905426658,2385.54684190059,0,1
35.6,5.74127359145102,0,453779.151526925,75970.8951957357,4030.01571552707,-453779.151526925,697.774679755535,0.423016970907033,29213.3702224763,2430.88038257109,0,1
35.7,5.6430762672672,0,446397.068253336,75971.4449918743,4029.10480426425,-446397.068253336,698.303200588699,0.424334571343608,29257.6415971452,2475.50590981079,0,1
35.8,5.5448901686831,0,439014.795813208,75971.7987841654,4028.55500812568,-439014.795813208,698.822872117723,0.425631083205114,29301.2043956918,2519.42299641854,0,1
35.9,5.4467149140658,0,431632.794016394,75972.0452550435,4028.20121583456,-431632.794016394,699.333712832485,0.426906503400123,29344.0585142441,2562.63145496799,0,1
36,5.34855021173279,0,424251.298079945,75972.2323273233,4027.9547449565,-424251.298079945,699.835741854737,0.428160831388161,29386.2039346422,2605.13122444318,0,1
36.1,5.25039581800862,0,416870.426686372,75972.3860393457,4027.76767267669,-416870.426686372,700.328978443557,0.429394067942494,29427.6406828678,2646.922308755,0,1
36.2,5.15225151502903,0,409490.237611752,75972.5206283416,4027.61396065433,-409490.237611752,700.813441740899,0.430606214508436,29468.3688074835,2688.00474517563,0,1
36.3,5.05411709888297,0,402110.755789835,75972.6438944617,4027.47937165841,-402110.755789835,701.289150641461,0.431797272870397,29508.3883684453,2728.37858796441,0,1
36.4,4.95599237330385,0,394731.988343131,75972.7600986717,4027.35610553832,-394731.988343131,701.75612372647,0.432967244977859,29547.6994312561,2768.04389985072,0,1
36.5,4.85787714626066,0,387353.932800655,75972.8715645598,4027.23990132828,-387353.932800655,702.214379229637,0.434116132851545,29586.3020638119,2807.000747534,0,1
36.6,4.759771228073,0,379976.581546912,75972.9795579418,4027.1284354402,-379976.581546912,702.663935020301,0.435243938532525,29624.1963346928,2845.24919925238,0,1
36.7,4.66167443037543,0,372599.92422219,75973.0847682243,4027.02044205816,-372599.92422219,703.104808595913,0.436350664054813,29661.3823122417,2882.78932346728,0,1
36.8,4.56358656555002,0,365223.949009496,75973.1875711881,4026.91523177571,-365223.949009496,703.537017079535,0.437436311430661,29697.8600640702,2919.62118815596,0,1
36.9,4.46550744641594,0,357848.643318554,75973.2881719527,4026.81242881194,-357848.643318554,703.960577220007,0.438500882642724,29733.6296567955,2955.74486043288,0,1
37,4.36743688605991,0,350473.994149202,75973.386682667,4026.71182804732,-350473.994149202,704.375505393495,0.439544379639894,29768.6911559004,2991.160406348,0,1
37.1,4.26937469774346,0,343099.988284875,75973.4831648008,4026.61331733297,-343099.988284875,704.78181760574,0.44056680433509,29803.044625659,3025.86789077975,0,1
37.2,4.17132069485176,0,335726.612395696,75973.5776521877,4026.51683519919,-335726.612395696,705.179529494645,0.441568158604088,29836.6901290974,3059.8673773782,0,1
37.3,4.0732746908651,0,328353.853093451,75973.670163588,4026.42234781227,-328353.853093451,705.568656332993,0.442548444284902,29869.6277279727,3093.15892853504,0,1
37.4,3.97523649934269,0,320981.696960871,75973.7607095389,4026.32983641198,-320981.696960871,705.949213031205,0.443507663177461,29901.8574827627,3125.7426053677,0,1
37.5,3.8772059339132,0,313610.1305672,75973.8492960899,4026.23929046106,-313610.1305672,706.321214140088,0.444445817043442,29933.3794526597,3157.61846771118,0,1
37.6,3.77918280826896,0,306239.140476443,75973.9359268379,4026.15070391007,-306239.140476443,706.684673853526,0.445362907606188,29964.1936955679,3188.78657411379,0,1
37.7,3.68116693616208,0,298868.713251698,75974.0206040366,4026.06407316214,-298868.713251698,707.039606011129,0.446258936550665,29994.3002681023,3219.24698183514,0,1
37.8,3.58315813140182,0,291498.835457425,75974.1033292011,4025.97939596344,-291498.835457425,707.386024100798,0.447133905523455,30023.6992255881,3248.99974684523,0,1
37.9,3.4851562078524,0,284129.493660595,75974.1841034371,4025.89667079893,-284129.493660595,707.723941261236,0.447987816132746,30052.3906220603,3278.04492382418,0,1
38,3.3871609794312,0,276760.67443127,75974.2629276204,4025.81589656294,-276760.67443127,708.05337028438,0.448820669948338,30080.3745102642,3306.38256616222,0,1
38.1,3.28917226010715,0,269392.364342849,75974.3398024949,4025.7370723796,-269392.364342849,708.374323617765,0.449632468501654,30107.6509416556,3334.01272595989,0,1
38.2,3.1911898638992,0,262024.549972169,75974.4147287255,4025.66019750515,-262024.549972169,708.686813366819,0.450423213285744,30134.219966401,3360.9354540283,0,1
38.3,3.09321360487484,0,254657.217899503,75974.4877069279,4025.58527127447,-254657.217899503,708.990851297085,0.451192905755295,30160.0816333779,3387.15079988945,0,1
38.4,2.99524329714862,0,247290.354708518,75974.5587376836,4025.51229307207,-247290.354708518,709.286448836378,0.451941547326644,30185.2359901752,3412.65881177657,0,1
38.5,2.89727875488078,0,239923.946986208,75974.6278215492,4025.44126231635,-239923.946986208,709.573617076875,0.452669139377785,30209.6830830936,3437.45953663441,0,1
38.6,2.79931979227578,0,232557.981322815,75974.6949590606,4025.37217845081,-232557.981322815,709.85236677713,0.453375683248381,30233.4229571456,3461.5530201196,0,1
38.7,2.7013662235809,0,225192.444311738,75974.7601507361,4025.30504093936,-225192.444311738,710.122708364034,0.45406118023977,30256.4556560563,3484.93930660095,0,1
38.8,2.60341786308481,0,217827.322549441,75974.8233970774,4025.23984926387,-217827.322549441,710.384651934702,0.454725631614978,30278.7812222633,3507.61843915978,0,1
38.9,2.50547452511619,0,210462.602635364,75974.8846985704,4025.17660292263,-210462.602635364,710.638207258297,0.455369038598726,30300.3996969172,3529.59045959024,0,1
39,2.40753602404229,0,203098.271171828,75974.9440556859,4025.1153014296,-203098.271171828,710.883383777793,0.455991402377439,30321.3111198819,3550.85540839957,0,1
39.1,2.30960217426754,0,195734.314763935,75975.0014688796,4025.05594431411,-195734.314763935,711.120190611673,0.456592724099254,30341.5155297349,3571.41332480844,0,1
39.2,2.21167279023211,0,188370.720019479,75975.0569385921,4024.99853112044,-188370.720019479,711.348636555562,0.457173004874031,30361.0129637674,3591.26424675119,0,1
39.3,2.11374768641055,0,181007.473548851,75975.1104652496,4024.94306140787,-181007.473548851,711.568730083805,0.457732245773356,30379.8034579848,3610.40821087611,0,1
39.4,2.01582667731036,0,173644.561964938,75975.1620492629,4024.88953475043,-173644.561964938,711.78047935098,0.458270447830555,30397.8870471066,3628.84525254571,0,1
39.5,1.91790957747055,0,166281.971883035,75975.2116910287,4024.83795073706,-166281.971883035,711.983892193348,0.458787612040694,30415.2637645673,3646.57540583699,0,1
39.6,1.8199962014603,0,158919.689920745,75975.2593909283,4024.78830897134,-158919.689920745,712.178976130251,0.459283739360594,30431.933642516,3663.59870354165,0,1
39.7,1.7220863638775,0,151557.702697887,75975.3051493287,4024.74060907168,-151557.702697887,712.365738365445,0.459758830708831,30447.8967118167,3679.91517716635,0,1
39.8,1.62417987934736,0,144195.996836397,75975.3489665821,4024.69485067125,-144195.996836397,712.544185788375,0.460212886965748,30463.1530020491,3695.52485693294,0,1
39.9,1.52627656252103,0,136834.55896024,75975.3908430257,4024.65103341792,-136834.55896024,712.714324975397,0.460645908973456,30477.7025415081,3710.42777177863,0,1
40,1.42837622807415,0,129473.375695307,75975.4307789824,4024.60915697426,-129473.375695307,712.876162190933,0.461057897535846,30491.5453572044,3724.62394935628,0,1
40.1,1.33047869070548,0,122112.433669325,75975.4687747601,4024.56922101758,-122112.433669325,713.029703388582,0.461448853418589,30504.6814748646,3738.11341603452,0,1
40.2,1.2325837651355,0,114751.719511761,75975.504830652,4024.53122523995,-114751.719511761,713.174954212164,0.461818777349147,30517.1109189313,3750.89619689798,0,1
40.3,1.13469126610499,0,107391.219853729,75975.5389469367,4024.49516934803,-107391.219853729,713.31191999671,0.462167670016774,30528.8337125636,3762.97231574748,0,1
40.4,1.03680100837361,0,100030.921327889,75975.5711238781,4024.46105306328,-100030.921327889,713.440605769403,0.462495532072522,30539.8498776367,3774.34179510018,0,1
40.5,0.938912806718541,0,92670.8105683606,75975.6013617254,4024.42887612188,-92670.8105683606,713.561016250452,0.462802364129247,30550.1594347427,3785.00465618972,0,1
40.6,0.841026475933058,0,85310.8742106211,75975.6296607131,4024.39863827458,-85310.8742106211,713.673155853926,0.463088166761612,30559.7624031902,3794.96091896644,0,1
40.7,0.743141830825125,0,77951.0988914148,75975.6560210609,4024.37033928691,-77951.0988914148,713.77702868852,0.463352940506093,30568.6588010047,3804.21060209746,0,1
40.8,0.645258686216002,0,70591.4712486568,75975.680442974,4024.34397893907,-70591.4712486568,713.872638558272,0.463596685860981,30576.8486449289,3812.75372296685,0,1
40.9,0.54737685693884,0,63231.9779213384,75975.7029266429,4024.31955702596,-63231.9779213384,713.95998896323,0.463819403286385,30584.3319504225,3820.59029767575,0,1
41,0.449496157837279,0,55872.6055494323,75975.7234722433,4024.29707335705,-55872.6055494323,714.039083100059,0.464021093204238,30591.1087316624,3827.72034104247,0,1
41.1,0.351616403764051,0,48513.3407737982,75975.7420799363,4024.27652775669,-48513.3407737982,714.109923862599,0.464201755998299,30597.1790015428,3834.14386660263,0,1
41.2,0.253737409579574,0,41154.1702360877,75975.7587498683,4024.25792006371,-41154.1702360877,714.172513842367,0.464361392014154,30602.5427716756,3839.86088660923,0,1
41.3,0.155858990150553,0,33795.0805786498,75975.7734821712,4024.24125013166,-33795.0805786498,714.226855329009,0.464500001559222,30607.2000523899,3844.87141203274,0,1
41.4,0.0579809603485809,0,26436.0584444364,75975.786276962,4024.22651782881,-26436.0584444364,714.272950310693,0.464617584902754,30611.1508527325,3849.17545256122,0,1
41.5,0,0,19077.0904769071,75975.7971343431,4024.21372303805,-19077.0904769071,714.310800474463,0.464714142275836,30614.3951804681,3852.77301660032,0,1
41.6,0,0,11718.1633199351,75975.8060544023,4024.20286565693,-11718.1633199351,714.340407206522,0.464789673871391,30616.9330420788,3855.66411127343,0,1
41.7,0,-0,4359.26361771223,75975.8130372129,4024.19394559765,-4359.26361771223,714.361771592477,0.464844179844183,30618.7644427645,3857.84874242166,0,1
41.8,0,-0,0,76080.1864714799,4024.18696278713,-0,714.374894417528,0.464877660310811,30619.8893864433,3859.3269146039,0,1
41.9,0,-0,0,37888.4176739842,3919.81352852011,-0,714.379776166601,0.464890115349719,30620.3078757506,3860.09863109691,0,1
42,0,-0,0,18944.2088369921,42111.5823260158,-0,714.379776166601,0.464890115349719,30620.3078757506,3860.30787575056,0,1
42.1,0,-0,0,9472.10441849606,61055.7911630079,-0,714.379776166601,0.464890115349719,30620.3078757506,3860.30787575056,0,1
42.2,0,-0,0,4736.05220924803,70527.895581504,-0,714.379776166601,0.464890115349719,30620.3078757506,3860.30787575056,0,1
42.3,0,-0,0,2368.02610462401,75263.947790752,-0,714.379776166601,0.464890115349719,30620.3078757506,3860.30787575056,0,1
42.4,0,-0,0,1184.01305231201,77631.973895376,-0,714.379776166601,0.464890115349719,30620.3078757506,3860.30787575056,0,1
42.5,0,-0,0,592.006526156003,78815.986947688,-0,714.379776166601,0.464890115349719,30620.3078757506,3860.30787575056,0,1
42.6,0,-0,0,296.003263078002,79407.993473844,-0,714.379776166601,0.464890115349719,30620.3078757506,3860.30787575056,0,1
42.7,0,-0,0,148.001631539001,79703.996736922,-0,714.379776166601,0.464890115349719,30620.3078757506,3860.30787575056,0,1
42.8,0,-0,0,74.0008157695004,79851.998368461,-0,714.379776166601,0.464890115349719,30620.3078757506,3860.30787575056,0,1
42.9,0,-0,0,37.0004078847502,79925.9991842305,-0,714.379776166601,0.464890115349719,30620.3078757506,3860.30787575056,0,1
43,0,-0,0,18.5002039423751,79962.9995921152,-0,714.379776166601,0.464890115349719,30620.3078757506,3860.30787575056,0,1
43.1,0,-0,0,9.25010197118755,79981.4997960576,-0,714.379776166601,0.464890115349719,30620.3078757506,3860.30787575056,0,1
43.2,0,-0,0,4.62505098559378,79990.7498980288,-0,714.379776166601,0.464890115349719,30620.3078757506,3860.30787575056,0,1
43.3,0,-0,0,2.31252549279689,79995.3749490144,-0,714.379776166601,0.464890115349719,30620.3078757506,3860.30787575056,0,1
43.4,0,-0,0,1.15626274639844,79997.6874745072,-0,714.379776166601,0.464890115349719,30620.3078757506,3860.30787575056,0,1
43.5,0,-0,0,0.578131373199222,79998.8437372536,-0,714.379776166601,0.464890115349719,30620.3078757506,3860.30787575056,0,1
43.6,0,-0,0,0.289065686599611,79999.4218686268,-0,714.379776166601,0.464890115349719,30620.3078757506,3860.30787575056,0,1
43.7,0,-0,0,0.144532843299806,79999.7109343134,-0,714.379776166601,0.464890115349719,30620.3078757506,3860.30787575056,0,1
43.8,0,-0,0,0.0722664216499028,79999.8554671567,-0,714.379776166601,0.464890115349719,30620.3078757506,3860.30787575056,0,1
43.9,0,-0,0,0.0361332108249514,79999.9277335784,-0,714.379776166601,0.464890115349719,30620.3078757506,3860.30787575056,0,1
44,0,-0,0,0.0180666054124757,79999.9638667892,-0,714.379776166601,0.464890115349719,30620.3078757506,3860.30787575056,0,1
44.1,0,-0,0,0.00903330270623785,79999.9819333946,-0,714.379776166601,0.464890115349719,30620.3078757506,3860.30787575056,0,1
44.2,0,-0,0,0.00451665135311892,79999.9909666973,-0,714.379776166601,0.464890115349719,30620.3078757506,3860.30787575056,0,1
44.3,0,-0,0,0.00225832567655946,79999.9954833486,-0,714.379776166601,0.464890115349719,30620.3078757506,3860.30787575056,0,1
44.4,0,-0,0,0.00112916283827973,79999.9977416743,-0,714.379776166601,0.464890115349719,30620.3078757506,3860.30787575056,0,1
44.5,0,-0,0,0.000564581419139865,79999.9988708372,-0,714.379776166601,0.464890115349719,30620.3078757506,3860.30787575056,0,1
44.6,0,-0,0,0.000282290709569933,79999.9994354186,-0,714.379776166601,0.464890115349719,30620.3078757506,3860.30787575056,0,1
44.7,0,-0,0,0.000141145354784966,79999.9997177093,-0,714.379776166601,0.464890115349719,30620.3078757506,3860.30787575056,0,1
44.8,0,-0,0,7.05726773924832e-05,79999.9998588546,-0,714.379776166601,0.464890115349719,30620.3078757506,3860.30787575056,0,1
44.9,0,-0,0,3.52863386962416e-05,79999.9999294273,-0,714.379776166601,0.464890115349719,30620.3078757506,3860.30787575056,0,1
45,0,-0,0,1.76431693481208e-05,79999.9999647137,-0,714.379776166601,0.464890115349719,30620.3078757506,3860.30787575056,0,0.3
45.1,0,-0,0,8.8215846740604e-06,79999.9999823569,-0,714.379776166601,0.464890115349719,30620.3078757506,3860.30787575056,0,0.3
45.2,0,-0,0,4.4107923370302e-06,23999.9999911784,-0,714.379776166601,0.464890115349719,30620.3078757506,3860.30787575056,0,0.3
45.3,0,-0,0,2.2053961685151e-06,23999.9999955892,-0,714.379776166601,0.464890115349719,30620.3078757506,3860.30787575056,0,0.3
45.4,0,-0,0,1.10269808425755e-06,23999.9999977946,-0,714.379776166601,0.464890115349719,30620.3078757506,3860.30787575056,0,0.3
45.5,0,-0,0,5.51349042128775e-07,23999.9999988973,-0,714.379776166601,0.464890115349719,30620.3078757506,3860.30787575056,0,0.3
45.6,0,-0,0,2.75674521064387e-07,23999.9999994486,-0,714.379776166601,0.464890115349719,30620.3078757506,3860.30787575056,0,0.3
45.7,0,-0,0,1.37837260532194e-07,23999.9999997243,-0,714.379776166601,0.464890115349719,30620.3078757506,3860.30787575056,0,0.3
45.8,0,-0,0,6.89186302660968e-08,23999.9999998622,-0,714.379776166601,0.464890115349719,30620.3078757506,3860.30787575056,0,0.3
45.9,0,-0,0,3.44593151330484e-08,23999.9999999311,-0,714.379776166601,0.464890115349719,30620.3078757506,3860.30787575056,0,0.3
46,0,-0,0,1.72296575665242e-08,23999.9999999655,-0,714.379776166601,0.464890115349719,30620.3078757506,3860.30787575056,0,0.3
46.1,0,-0,0,8.61482878326211e-09,23999.9999999828,-0,714.379776166601,0.464890115349719,30620.3078757506,3860.30787575056,0,0.3
46.2,0,-0,0,4.30741439163105e-09,23999.9999999914,-0,714.379776166601,0.464890115349719,30620.3078757506,3860.30787575056,0,0.3
46.3,0,-0,0,2.15370719581553e-09,23999.9999999957,-0,714.379776166601,0.464890115349719,30620.3078757506,3860.30787575056,0,0.3
46.4,0,-0,0,1.07685359790776e-09,23999.9999999978,-0,714.379776166601,0.464890115349719,30620.3078757506,3860.30787575056,0,0.3
46.5,0,-0,0,5.38426798953882e-10,23999.9999999989,-0,714.379776166601,0.464890115349719,30620.3078757506,3860.30787575056,0,0.3
46.6,0,-0,0,2.69213399476941e-10,23999.9999999995,-0,714.379776166601,0.464890115349719,30620.3078757506,3860.30787575056,0,0.3
46.7,0,-0,0,1.3460669973847e-10,23999.9999999997,-0,714.379776166601,0.464890115349719,30620.3078757506,3860.30787575056,0,0.3
46.8,0,-0,0,6.73033498692352e-11,23999.9999999999,-0,714.379776166601,0.464890115349719,30620.3078757506,3860.30787575056,0,0.3
46.9,0,-0,0,3.36516749346176e-11,23999.9999999999,-0,714.379776166601,0.464890115349719,30620.3078757506,3860.30787575056,0,0.3
47,0,-0,0,1.68258374673088e-11,24000,-0,714.379776166601,0.464890115349719,30620.3078757506,3860.30787575056,0,0.3
47.1,0,-0,0,8.4129187336544e-12,24000,-0,714.379776166601,0.464890115349719,30620.3078757506,3860.30787575056,0,0.3
47.2,0,-0,0,4.2064593668272e-12,24000,-0,714.379776166601,0.464890115349719,30620.3078757506,3860.30787575056,0,0.3
47.3,0,-0,0,2.1032296834136e-12,24000,-0,714.379776166601,0.464890115349719,30620.3078757506,3860.30787575056,0,0.3
47.4,0,-0,0,1.0516148417068e-12,24000,-0,714.379776166601,0.464890115349719,30620.3078757506,3860.30787575056,0,0.3
47.5,0,-0,0,5.258074208534e-13,24000,-0,714.379776166601,0.464890115349719,30620.3078757506,3860.30787575056,0,0.3
47.6,0,-0,0,2.629037104267e-13,24000,-0,714.379776166601,0.464890115349719,30620.3078757506,3860.30787575056,0,0.3
47.7,0,-0,0,1.3145185521335e-13,24000,-0,714.379776166601,0.464890115349719,30620.3078757506,3860.30787575056,0,0.3
47.8,0,-0,0,6.5725927606675e-14,24000,-0,714.379776166601,0.464890115349719,30620.3078757506,3860.30787575056,0,0.3
47.9,0,-0,0,3.28629638033375e-14,24000,-0,714.379776166601,0.464890115349719,30620.3078757506,3860.30787575056,0,0.3
48,0,-0,0,1.64314819016688e-14,24000,-0,714.379776166601,0.464890115349719,30620.3078757506,3860.30787575056,0,0.3
48.1,0,-0,0,8.21574095083438e-15,24000,-0,714.379776166601,0.464890115349719,30620.3078757506,3860.30787575056,0,0.3
48.2,0,-0,0,4.10787047541719e-15,24000,-0,714.379776166601,0.464890115349719,30620.3078757506,3860.30787575056,0,0.3
48.3,0,-0,0,2.05393523770859e-15,24000,-0,714.379776166601,0.464890115349719,30620.3078757506,3860.30787575056,0,0.3
48.4,0,-0,0,1.0269676188543e-15,24000,-0,714.379776166601,0.464890115349719,30620.3078757506,3860.30787575056,0,0.3
48.5,0,-0,0,5.13483809427148e-16,24000,-0,714.379776166601,0.464890115349719,30620.3078757506,3860.30787575056,0,0.3
48.6,0,-0,0,2.56741904713574e-16,24000,-0,714.379776166601,0.464890115349719,30620.3078757506,3860.30787575056,0,0.3
48.7,0,-0,0,1.28370952356787e-16,24000,-0,714.379776166601,0.464890115349719,30620.3078757506,3860.30787575056,0,0.3
48.8,0,-0,0,6.41854761783936e-17,24000,-0,714.379776166601,0.464890115349719,30620.3078757506,3860.30787575056,0,0.3
48.9,0,-0,0,3.20927380891968e-17,24000,-0,714.379776166601,0.464890115349719,30620.3078757506,3860.30787575056,0,0.3
49,0,-0,0,1.60463690445984e-17,24000,-0,714.379776166601,0.464890115349719,30620.3078757506,3860.30787575056,0,0.3
49.1,0,-0,0,8.02318452229919e-18,24000,-0,714.379776166601,0.464890115349719,30620.3078757506,3860.30787575056,0,0.3
49.2,0,-0,0,4.0115922611496e-18,24000,-0,714.379776166601,0.464890115349719,30620.3078757506,3860.30787575056,0,0.3
49.3,0,-0,0,2.0057961305748e-18,24000,-0,714.379776166601,0.464890115349719,30620.3078757506,3860.30787575056,0,0.3
49.4,0,-0,0,1.0028980652874e-18,24000,-0,714.379776166601,0.464890115349719,30620.3078757506,3860.30787575056,0,0.3
49.5,0,-0,0,5.014490326437e-19,24000,-0,714.379776166601,0.464890115349719,30620.3078757506,3860.30787575056,0,0.3
49.6,0,-0,0,2.5072451632185e-19,24000,-0,714.379776166601,0.464890115349719,30620.3078757506,3860.30787575056,0,0.3
49.7,0,-0,0,1.25362258160925e-19,24000,-0,714.379776166601,0.464890115349719,30620.3078757506,3860.30787575056,0,0.3
49.8,0,-0,0,6.26811290804625e-20,24000,-0,714.379776166601,0.464890115349719,30620.3078757506,3860.30787575056,0,0.3
49.9,0,-0,0,3.13405645402312e-20,24000,-0,714.379776166601,0.464890115349719,30620.3078757506,3860.30787575056,0,0.3
50,0,-0,0,1.56702822701156e-20,24000,-0,714.379776166601,0.464890115349719,30620.3078757506,3860.30787575056,0,0.3
