time,v_train,Ptraction,Pregen,Fregen,Fmechanical,Pdc,Usc,SOCsc,Esc_kJ,Eregen_kJ,service_brake_request,traction_command
0.0,0.0,0.0,0.0,0.0,0.0,0.0,667.83231428256,0.35,26760.0,0.0,0.0,0.0
0.1,0.0,0.0,0.0,0.0,0.0,0.0,667.83231428256,0.35,26760.0,0.0,0.0,0.03333333333333333
0.2,0.0,0.0,0.0,0.0,0.0,0.0,667.83231428256,0.35,26760.0,0.0,0.0,0.06666666666666667
0.30000000000000004,0.0,0.0,0.0,0.0,0.0,0.0,667.83231428256,0.35,26760.0,0.0,0.0,0.10000000000000002
0.4,0.0,0.0,0.0,0.0,0.0,0.0,667.83231428256,0.35,26760.0,0.0,0.0,0.13333333333333333
0.5,0.0,0.0,0.0,0.0,0.0,0.0,667.83231428256,0.35,26760.0,0.0,0.0,0.16666666666666666
0.6000000000000001,0.0,0.0,0.0,0.0,0.0,0.0,667.83231428256,0.35,26760.0,0.0,0.0,0.20000000000000004
0.7000000000000001,0.0,0.0,0.0,0.0,0.0,0.0,667.83231428256,0.35,26760.0,0.0,0.0,0.23333333333333336
0.8,0.0010150666666666687,0.0,0.0,0.0,0.0,0.0,667.83231428256,0.35,26760.0,0.0,0.0,0.26666666666666666
0.9,0.004169133323378164,0.0,0.0,0.0,0.0,0.0,667.83231428256,0.35,26760.0,0.0,0.0,0.3
1.0,0.009533499822105964,12.326425129273364,0.0,0.0,0.0,0.0,667.83231428256,0.35,26760.0,0.0,0.0,0.3333333333333333
1.1,0.01714381561063139,58.98209508356573,0.0,0.0,0.0,12.840026176326422,667.83231428256,0.35,26760.0,0.0,0.0,0.3666666666666667
1.2000000000000002,0.027014782904570586,153.9496014088747,0.0,0.0,0.0,61.4396823787143,667.83231428256,0.35,26760.0,0.0,0.0,0.4000000000000001
1.3,0.03914717333474134,311.1170345397184,0.0,0.0,0.0,160.3641681342445,667.83231428256,0.35,26760.0,0.0,0.0,0.43333333333333335
1.4000000000000001,0.05353769471634236,544.2308763792455,0.0,0.0,0.0,324.0802443122067,667.83231428256,0.35,26760.0,0.0,0.0,0.46666666666666673
1.5,0.07018436870732125,866.8480420414143,0.0,0.0,0.0,566.9071628950475,667.83231428256,0.35,26760.0,0.0,0.0,0.5
1.6,0.0890860468484839,1292.436691781643,0.0,0.0,0.0,902.9667104598067,667.83231428256,0.35,26760.0,0.0,0.0,0.5333333333333333
1.7000000000000002,0.11024210164362451,1834.4749696384456,0.0,0.0,0.0,1346.2882206058782,667.83231428256,0.35,26760.0,0.0,0.0,0.5666666666666668
1.8,0.13365222003246177,2506.4490217239745,0.0,0.0,0.0,1910.9114267067143,667.83231428256,0.35,26760.0,0.0,0.0,0.6
1.9000000000000001,0.1593162531001399,3321.8515082217828,0.0,0.0,0.0,2610.88439762914,667.83231428256,0.35,26760.0,0.0,0.0,0.6333333333333334
2.0,0.18723412573560325,4294.179998499735,0.0,0.0,0.0,3460.261987731024,667.83231428256,0.35,26760.0,0.0,0.0,0.6666666666666666
2.1,0.2174057937518151,5436.9349719772135,0.0,0.0,0.0,4473.104165103891,667.83231428256,0.35,26760.0,0.0,0.0,0.7000000000000001
2.2,0.2498312238837569,6763.618250840949,0.0,0.0,0.0,5663.473929142931,667.83231428256,0.35,26760.0,0.0,0.0,0.7333333333333334
2.3000000000000003,0.284510384737518,8287.732161535376,0.0,0.0,0.0,7045.435677959323,667.83231428256,0.35,26760.0,0.0,0.0,0.7666666666666667
2.4000000000000004,0.3214432428576536,10022.77908088875,0.0,0.0,0.0,8633.054334932684,667.83231428256,0.35,26760.0,0.0,0.0,0.8000000000000002
2.5,0.3606297610233831,11982.261187694587,0.0,0.0,0.0,10440.394875925782,667.83231428256,0.35,26760.0,0.0,0.0,0.8333333333333334
2.6,0.4020698974429179,14179.680320833146,0.0,0.0,0.0,12481.522070515195,667.83231428256,0.35,26760.0,0.0,0.0,0.8666666666666667
2.7,0.445763605292842,16628.537886814192,0.0,0.0,0.0,14770.500334201193,667.83231428256,0.35,26760.0,0.0,0.0,0.9
2.8000000000000003,0.49171083238062474,19342.33478703118,0.0,0.0,0.0,17321.39363209812,667.83231428256,0.35,26760.0,0.0,0.0,0.9333333333333335
2.9000000000000004,0.5399115208461291,22334.571351354338,0.0,0.0,0.0,20148.265403157482,667.83231428256,0.35,26760.0,0.0,0.0,0.9666666666666668
3.0,0.5903656068730292,25618.747272188248,0.0,0.0,0.0,23265.1784909941,667.83231428256,0.35,26760.0,0.0,0.0,1.0
3.1,0.6430730204013876,29208.361536541306,0.0,0.0,0.0,26686.195075196094,667.83231428256,0.35,26760.0,0.0,0.0,1.0
3.2,0.6980336848394059,33116.91235516272,0.0,0.0,0.0,30425.37660056386,667.83231428256,0.35,26760.0,0.0,0.0,1.0
3.3000000000000003,0.7552475167742989,37357.89708841759,0.0,0.0,0.0,34496.7837032945,667.83231428256,0.35,26760.0,0.0,0.0,1.0
3.4000000000000004,0.8147144256826176,41239.191161299175,0.0,0.0,0.0,38914.47613376832,667.83231428256,0.35,26760.0,0.0,0.0,1.0
3.5,0.8764343136403049,44982.51119777908,0.0,0.0,0.0,42957.49079301998,667.83231428256,0.35,26760.0,0.0,0.0,1.0
3.6,0.9392662750326616,48710.24139958101,0.0,0.0,0.0,46856.782497686545,667.83231428256,0.35,26760.0,0.0,0.0,1.0
3.7,1.0026398169824988,52489.5784395121,0.0,0.0,0.0,50739.83479123023,667.83231428256,0.35,26760.0,0.0,0.0,1.0
3.8000000000000003,1.0662696537003271,56291.77542872507,0.0,0.0,0.0,54676.644207825106,667.83231428256,0.35,26760.0,0.0,0.0,1.0
3.9000000000000004,1.1300131033715373,60106.258506969156,0.0,0.0,0.0,58637.26607158862,667.83231428256,0.35,26760.0,0.0,0.0,1.0
4.0,1.1938022946293294,63927.14374333032,0.0,0.0,0.0,62610.685944759534,667.83231428256,0.35,26760.0,0.0,0.0,1.0
4.1000000000000005,1.2576085154700793,67751.073345622,0.0,0.0,0.0,66590.77473263575,667.83231428256,0.35,26760.0,0.0,0.0,1.0
4.2,1.321420002325314,71576.29078786194,0.0,0.0,0.0,70574.03473502293,667.83231428256,0.35,26760.0,0.0,0.0,1.0
4.3,1.3852321502126426,75402.03191213559,0.0,0.0,0.0,74558.6362373562,667.83231428256,0.35,26760.0,0.0,0.0,1.0
4.4,1.4490432648349731,79227.94957384332,0.0,0.0,0.0,78543.7832418079,667.83231428256,0.35,26760.0,0.0,0.0,1.0
4.5,1.5128527567510042,83053.88760260466,0.0,0.0,0.0,82529.11413942013,667.83231428256,0.35,26760.0,0.0,0.0,1.0
4.6000000000000005,1.5766604164031832,86879.77643148723,0.0,0.0,0.0,86514.46625271319,667.83231428256,0.35,26760.0,0.0,0.0,1.0
4.7,1.6404661500437814,90705.5842218962,0.0,0.0,0.0,90499.76711613254,667.83231428256,0.35,26760.0,0.0,0.0,1.0
4.800000000000001,1.704269890868514,94531.29500453577,0.0,0.0,0.0,94484.98356447522,667.83231428256,0.35,26760.0,0.0,0.0,1.0
4.9,1.768071573200676,98356.8995437162,0.0,0.0,0.0,98470.0989630581,667.83231428256,0.35,26760.0,0.0,0.0,1.0
5.0,1.831871127366433,102182.39142207355,0.0,0.0,0.0,102455.10369137104,667.83231428256,0.35,26760.0,0.0,0.0,1.0
5.1000000000000005,1.8956684801743027,106007.76538199735,0.0,0.0,0.0,106439.99106465995,667.83231428256,0.35,26760.0,0.0,0.0,1.0
5.2,1.9594635562404965,109833.01663591612,0.0,0.0,0.0,110424.75560624724,667.83231428256,0.35,26760.0,0.0,0.0,1.0
5.300000000000001,2.023256279004467,113658.14058322113,0.0,0.0,0.0,114409.3923290793,667.83231428256,0.35,26760.0,0.0,0.0,1.0
5.4,2.087046571332028,117483.13269529832,0.0,0.0,0.0,118393.89644085534,667.83231428256,0.35,26760.0,0.0,0.0,1.0
5.5,2.15083435583139,121307.98847005791,0.0,0.0,0.0,122378.26322426909,667.83231428256,0.35,26760.0,0.0,0.0,1.0
5.6000000000000005,2.214619555005819,125132.70341463193,0.0,0.0,0.0,126362.48798964366,667.83231428256,0.35,26760.0,0.0,0.0,1.0
5.7,2.2784020913229566,128957.27303916845,0.0,0.0,0.0,130346.56605690827,667.83231428256,0.35,26760.0,0.0,0.0,1.0
5.800000000000001,2.3421818872446947,132781.69285482954,0.0,0.0,0.0,134330.49274913382,667.83231428256,0.35,26760.0,0.0,0.0,1.0
5.9,2.405958865239473,136605.9583732852,0.0,0.0,0.0,138314.26339044745,667.83231428256,0.35,26760.0,0.0,0.0,1.0
6.0,2.4697329477871808,140430.06510668033,0.0,0.0,0.0,142297.8733055054,667.83231428256,0.35,26760.0,0.0,0.0,1.0
6.1000000000000005,2.5335040573811143,144254.0085677167,0.0,0.0,0.0,146281.31781945867,667.83231428256,0.35,26760.0,0.0,0.0,1.0
6.2,2.597272116528839,148077.7842697394,0.0,0.0,0.0,150264.59225803823,667.83231428256,0.35,26760.0,0.0,0.0,1.0
6.300000000000001,2.6610370477526843,151901.38772680383,0.0,0.0,0.0,154247.69194764522,667.83231428256,0.35,26760.0,0.0,0.0,1.0
6.4,2.724798773590127,155724.81445372378,0.0,0.0,0.0,158230.61221542067,667.83231428256,0.35,26760.0,0.0,0.0,1.0
6.5,2.7885572165941497,159548.05996610702,0.0,0.0,0.0,162213.3483892956,667.83231428256,0.35,26760.0,0.0,0.0,1.0
6.6000000000000005,2.852312299333607,163371.11978038354,0.0,0.0,0.0,166195.89579802816,667.83231428256,0.35,26760.0,0.0,0.0,1.0
6.7,2.9160639443935885,167193.98941382993,0.0,0.0,0.0,170178.24977123286,667.83231428256,0.35,26760.0,0.0,0.0,1.0
6.800000000000001,2.9798120743757908,171016.66438459157,0.0,0.0,0.0,174160.40563940618,667.83231428256,0.35,26760.0,0.0,0.0,1.0
6.9,3.043556611898891,174839.14021170393,0.0,0.0,0.0,178142.35873394954,667.83231428256,0.35,26760.0,0.0,0.0,1.0
7.0,3.1072974795989197,178661.41241511365,0.0,0.0,0.0,182124.1043871916,667.83231428256,0.35,26760.0,0.0,0.0,1.0
7.1000000000000005,3.171034600129636,182483.47651569903,0.0,0.0,0.0,186105.63793241006,667.83231428256,0.35,26760.0,0.0,0.0,1.0
7.2,3.2347678961629014,186305.32803529061,0.0,0.0,0.0,190086.95470385317,667.83231428256,0.35,26760.0,0.0,0.0,1.0
7.300000000000001,3.2984972903890557,190126.96249669185,0.0,0.0,0.0,194068.05003676107,667.83231428256,0.35,26760.0,0.0,0.0,1.0
7.4,3.362222705517288,193948.3754236997,0.0,0.0,0.0,198048.91926738736,667.83231428256,0.35,26760.0,0.0,0.0,1.0
7.5,3.425944064276015,197769.5623411248,0.0,0.0,0.0,202029.55773302054,667.83231428256,0.35,26760.0,0.0,0.0,1.0
7.6000000000000005,3.489661289413252,201590.51877481237,0.0,0.0,0.0,206009.96077200503,667.83231428256,0.35,26760.0,0.0,0.0,1.0
7.7,3.553374303696987,205411.24025166247,0.0,0.0,0.0,209990.1237237629,667.83231428256,0.35,26760.0,0.0,0.0,1.0
7.800000000000001,3.617083029915555,209231.72229965054,0.0,0.0,0.0,213970.04192881507,667.83231428256,0.35,26760.0,0.0,0.0,1.0
7.9,3.680787390878012,213051.960447848,0.0,0.0,0.0,217949.71072880266,667.83231428256,0.35,26760.0,0.0,0.0,1.0
8.0,3.744487309414506,216871.9502264425,0.0,0.0,0.0,221929.12546650833,667.83231428256,0.35,26760.0,0.0,0.0,1.0
8.1,3.8081827083766497,220691.6871667585,0.0,0.0,0.0,225908.2814858776,667.83231428256,0.35,26760.0,0.0,0.0,1.0
8.200000000000001,3.871873510637897,224511.16680127778,0.0,0.0,0.0,229887.17413204012,667.83231428256,0.35,26760.0,0.0,0.0,1.0
8.3,3.9355596390939116,228330.38466365967,0.0,0.0,0.0,233865.798751331,667.83231428256,0.35,26760.0,0.0,0.0,1.0
8.4,3.9992410166629404,232149.33628876178,0.0,0.0,0.0,237844.15069131218,667.83231428256,0.35,26760.0,0.0,0.0,1.0
8.5,4.062917566286185,235968.01721265996,0.0,0.0,0.0,241822.22530079354,667.83231428256,0.35,26760.0,0.0,0.0,1.0
8.6,4.1265892109281745,239786.4229726693,0.0,0.0,0.0,245800.01792985413,667.83231428256,0.35,26760.0,0.0,0.0,1.0
8.700000000000001,4.1902558735771365,243604.54910736383,0.0,0.0,0.0,249777.52392986388,667.83231428256,0.35,26760.0,0.0,0.0,1.0
8.8,4.253917477245367,247422.39115659765,0.0,0.0,0.0,253754.738653504,667.83231428256,0.35,26760.0,0.0,0.0,1.0
8.9,4.317573944969606,251239.94466152453,0.0,0.0,0.0,257731.6574547892,667.83231428256,0.35,26760.0,0.0,0.0,1.0
9.0,4.3812251998114,255057.20516461896,0.0,0.0,0.0,261708.27568908807,667.83231428256,0.35,26760.0,0.0,0.0,1.0
9.1,4.444871164857481,258874.1682096959,0.0,0.0,0.0,265684.58871314477,667.83231428256,0.35,26760.0,0.0,0.0,1.0
9.200000000000001,4.508511763220132,262690.8293419314,0.0,0.0,0.0,269660.5918850999,667.83231428256,0.35,26760.0,0.0,0.0,1.0
9.3,4.572146918037557,266507.1841078831,0.0,0.0,0.0,273636.2805645119,667.83231428256,0.35,26760.0,0.0,0.0,1.0
9.4,4.635776552474255,270323.22805551003,0.0,0.0,0.0,277611.65011237824,667.83231428256,0.35,26760.0,0.0,0.0,1.0
9.5,4.699400589721382,274138.95673419326,0.0,0.0,0.0,281586.69589115627,667.83231428256,0.35,26760.0,0.0,0.0,1.0
9.600000000000001,4.763018952997127,277954.36569475627,0.0,0.0,0.0,285561.4132647847,667.83231428256,0.35,26760.0,0.0,0.0,1.0
9.700000000000001,4.826631565547078,281769.4504894848,0.0,0.0,0.0,289535.79759870446,667.83231428256,0.35,26760.0,0.0,0.0,1.0
9.8,4.890238350644593,285584.20667214744,0.0,0.0,0.0,293509.84425988,667.83231428256,0.35,26760.0,0.0,0.0,1.0
9.9,4.953839231591159,289398.62979801575,0.0,0.0,0.0,297483.54861682025,667.83231428256,0.35,26760.0,0.0,0.0,1.0
10.0,5.017434131716776,293212.71542388445,0.0,0.0,0.0,301456.90603959974,667.83231428256,0.35,26760.0,0.0,0.0,1.0
10.100000000000001,5.081022974380311,297026.45910809166,0.0,0.0,0.0,305429.91189987963,667.83231428256,0.35,26760.0,0.0,0.0,1.0
10.200000000000001,5.144605682969871,300839.8564105392,0.0,0.0,0.0,309402.56157092884,667.83231428256,0.35,26760.0,0.0,0.0,1.0
10.3,5.208182180903171,304652.9028927123,0.0,0.0,0.0,313374.85042764497,667.83231428256,0.35,26760.0,0.0,0.0,1.0
10.4,5.271752391627898,308465.5941177005,0.0,0.0,0.0,317346.77384657535,667.83231428256,0.35,26760.0,0.0,0.0,1.0
10.5,5.335316238622081,312277.9256502171,0.0,0.0,0.0,321318.327205938,667.83231428256,0.35,26760.0,0.0,0.0,1.0
10.600000000000001,5.398873645394451,316089.89305661985,0.0,0.0,0.0,325289.50588564284,667.83231428256,0.35,26760.0,0.0,0.0,1.0
10.700000000000001,5.462424535484816,319901.4919049306,0.0,0.0,0.0,329260.3052673124,667.83231428256,0.35,26760.0,0.0,0.0,1.0
10.8,5.525968832464418,323712.71776485565,0.0,0.0,0.0,333230.72073430277,667.83231428256,0.35,26760.0,0.0,0.0,1.0
10.9,5.589506459936304,327523.5662078058,0.0,0.0,0.0,337200.74767172465,667.83231428256,0.35,26760.0,0.0,0.0,1.0
11.0,5.653037341535689,331334.03280691645,0.0,0.0,0.0,341170.38146646443,667.83231428256,0.35,26760.0,0.0,0.0,1.0
11.100000000000001,5.716561400930318,335144.1131370673,0.0,0.0,0.0,345139.61750720465,667.83231428256,0.35,26760.0,0.0,0.0,1.0
11.200000000000001,5.780078561820837,338953.8027749032,0.0,0.0,0.0,349108.4511844451,667.83231428256,0.35,26760.0,0.0,0.0,1.0
11.3,5.843588747941149,342763.097298853,0.0,0.0,0.0,353076.87789052416,667.83231428256,0.35,26760.0,0.0,0.0,1.0
11.4,5.907091883058781,346571.9922891507,0.0,0.0,0.0,357044.89301963855,667.83231428256,0.35,26760.0,0.0,0.0,1.0
11.5,5.970587890975253,350380.4833278547,0.0,0.0,0.0,361012.4919678653,667.83231428256,0.35,26760.0,0.0,0.0,1.0
11.600000000000001,6.034076695526428,354188.5659988679,0.0,0.0,0.0,364979.670133182,667.83231428256,0.35,26760.0,0.0,0.0,1.0
11.700000000000001,6.097558220582889,357996.235887958,0.0,0.0,0.0,368946.42291548743,667.83231428256,0.35,26760.0,0.0,0.0,1.0
11.8,6.1610323900502895,361803.4885827771,0.0,0.0,0.0,372912.745716623,667.83231428256,0.35,26760.0,0.0,0.0,1.0
11.9,6.224499127869722,365610.3196728812,0.0,0.0,0.0,376878.6339403928,667.83231428256,0.35,26760.0,0.0,0.0,1.0
12.0,6.287958358018078,369416.72474975133,0.0,0.0,0.0,380844.0829925846,667.83231428256,0.35,26760.0,0.0,0.0,1.0
12.100000000000001,6.351410004508407,373222.6994068119,0.0,0.0,0.0,384809.088280991,667.83231428256,0.35,26760.0,0.0,0.0,1.0
12.200000000000001,6.414853991390282,377028.239239452,0.0,0.0,0.0,388773.6452154291,667.83231428256,0.35,26760.0,0.0,0.0,1.0
12.3,6.478290242750153,380833.339845044,0.0,0.0,0.0,392737.74920776254,667.83231428256,0.35,26760.0,0.0,0.0,1.0
12.4,6.541718682711713,384637.9968229643,0.0,0.0,0.0,396701.39567192085,667.83231428256,0.35,26760.0,0.0,0.0,1.0
12.5,6.6051392354362575,388442.2057746124,0.0,0.0,0.0,400664.58002392115,667.83231428256,0.35,26760.0,0.0,0.0,1.0
12.600000000000001,6.668551825123038,392245.9623034314,0.0,0.0,0.0,404627.2976818879,667.83231428256,0.35,26760.0,0.0,0.0,1.0
12.700000000000001,6.731956376009627,396049.26201492705,0.0,0.0,0.0,408589.5440660744,667.83231428256,0.35,26760.0,0.0,0.0,1.0
12.8,6.795352812372274,399852.1005166883,0.0,0.0,0.0,412551.31459888234,667.83231428256,0.35,26760.0,0.0,0.0,1.0
12.9,6.8587410585262605,403654.47341840604,0.0,0.0,0.0,416512.60470488365,667.83231428256,0.35,26760.0,0.0,0.0,1.0
13.0,6.9221210388262655,407456.37633189367,0.0,0.0,0.0,420473.4098108396,667.83231428256,0.35,26760.0,0.0,0.0,1.0
13.100000000000001,6.985492677666715,411257.80487110635,0.0,0.0,0.0,424433.7253457226,667.83231428256,0.35,26760.0,0.0,0.0,1.0
13.200000000000001,7.048855899482143,415058.7546521607,0.0,0.0,0.0,428393.54674073576,667.83231428256,0.35,26760.0,0.0,0.0,1.0
13.3,7.112210628747545,418859.2212933546,0.0,0.0,0.0,432352.86942933407,667.83231428256,0.35,26760.0,0.0,0.0,1.0
13.4,7.17555678997874,422659.20041518635,0.0,0.0,0.0,436311.68884724437,667.83231428256,0.35,26760.0,0.0,0.0,1.0
13.5,7.238894307732718,426458.6876403752,0.0,0.0,0.0,440270.0004324858,667.83231428256,0.35,26760.0,0.0,0.0,1.0
13.600000000000001,7.302223106608001,430257.67859388,0.0,0.0,0.0,444227.79962539085,667.83231428256,0.35,26760.0,0.0,0.0,1.0
13.700000000000001,7.365543111244997,434056.1689029191,0.0,0.0,0.0,448185.081868625,667.83231428256,0.35,26760.0,0.0,0.0,1.0
13.8,7.428854246326351,437854.15419699036,0.0,0.0,0.0,452141.8426072074,667.83231428256,0.35,26760.0,0.0,0.0,1.0
13.9,7.492156436577304,441651.6301078893,0.0,0.0,0.0,456098.07728853164,667.83231428256,0.35,26760.0,0.0,0.0,1.0
14.0,7.555449606766041,445448.59226973023,0.0,0.0,0.0,460053.78136238473,667.83231428256,0.35,26760.0,0.0,0.0,1.0
14.100000000000001,7.618733681704049,449245.036318965,0.0,0.0,0.0,464008.9502809691,667.83231428256,0.35,26760.0,0.0,0.0,1.0
14.200000000000001,7.682008586246465,453040.9578944023,0.0,0.0,0.0,467963.579498922,667.83231428256,0.35,26760.0,0.0,0.0,1.0
14.3,7.7452742452924355,456836.3526372269,0.0,0.0,0.0,471917.6644733358,667.83231428256,0.35,26760.0,0.0,0.0,1.0
14.4,7.8085305837854575,460631.2161910198,0.0,0.0,0.0,475871.20066377806,667.83231428256,0.35,26760.0,0.0,0.0,1.0
14.5,7.87177752671374,464425.5442017772,0.0,0.0,0.0,479824.18353231234,667.83231428256,0.35,26760.0,0.0,0.0,1.0
14.600000000000001,7.935014999110549,468219.3323179297,0.0,0.0,0.0,483776.6085435179,667.83231428256,0.35,26760.0,0.0,0.0,1.0
14.700000000000001,7.9982429260545596,472012.576190362,0.0,0.0,0.0,487728.4711645101,667.83231428256,0.35,26760.0,0.0,0.0,1.0
14.8,8.061461232670206,475805.27147243184,0.0,0.0,0.0,491679.76686496043,667.83231428256,0.35,26760.0,0.0,0.0,1.0
14.9,8.124669844128029,479597.4138199894,0.0,0.0,0.0,495630.49111711653,667.83231428256,0.35,26760.0,0.0,0.0,1.0
15.0,8.187868685645027,483388.99889139703,0.0,0.0,0.0,499580.63939582225,667.83231428256,0.35,26760.0,0.0,0.0,1.0
15.100000000000001,8.251057682485007,487180.0223475478,0.0,0.0,0.0,503530.2071785386,667.83231428256,0.35,26760.0,0.0,0.0,1.0
15.200000000000001,8.314236759958927,490970.4798518851,0.0,0.0,0.0,507479.18994536233,667.83231428256,0.35,26760.0,0.0,0.0,1.0
15.3,8.377405843425246,494760.36707042187,0.0,0.0,0.0,511427.5831790471,667.83231428256,0.35,26760.0,0.0,0.0,1.0
15.4,8.440564858290271,498549.6796717594,0.0,0.0,0.0,515375.3823650228,667.83231428256,0.35,26760.0,0.0,0.0,1.0
15.5,8.503713730008508,502338.41332710715,0.0,0.0,0.0,519322.58299141604,667.83231428256,0.35,26760.0,0.0,0.0,1.0
15.600000000000001,8.566852384082999,506126.563710301,0.0,0.0,0.0,523269.18054906995,667.83231428256,0.35,26760.0,0.0,0.0,1.0
15.700000000000001,8.629980746065675,509914.1264978233,0.0,0.0,0.0,527215.1705315636,667.83231428256,0.35,26760.0,0.0,0.0,1.0
15.8,8.6930987415577,513701.0973688211,0.0,0.0,0.0,531160.5484352326,667.83231428256,0.35,26760.0,0.0,0.0,1.0
15.9,8.756206296209813,517487.4720051257,0.0,0.0,0.0,535105.3097591887,667.83231428256,0.35,26760.0,0.0,0.0,1.0
16.0,8.81930333572267,521273.2460912719,0.0,0.0,0.0,539049.4500053393,667.83231428256,0.35,26760.0,0.0,0.0,1.0
16.1,8.882389785847199,525058.415314516,0.0,0.0,0.0,542992.9646784082,667.83231428256,0.35,26760.0,0.0,0.0,1.0
16.2,8.94546557238493,528842.9753648558,0.0,0.0,0.0,546935.8492859543,667.83231428256,0.35,26760.0,0.0,0.0,1.0
16.3,9.008530621188338,532626.9219350492,0.0,0.0,0.0,550878.0993383916,667.83231428256,0.35,26760.0,0.0,0.0,1.0
16.400000000000002,9.071584858161202,536410.250720633,0.0,0.0,0.0,554819.7103490096,667.83231428256,0.35,26760.0,0.0,0.0,1.0
16.5,9.134628209258926,540192.9574199418,0.0,0.0,0.0,558760.6778339926,667.83231428256,0.35,26760.0,0.0,0.0,1.0
16.6,9.197660600488888,543975.0377341271,0.0,0.0,0.0,562700.9973124394,667.83231428256,0.35,26760.0,0.0,0.0,1.0
16.7,9.260681957910787,547756.4873671759,0.0,0.0,0.0,566640.6643063824,667.83231428256,0.35,26760.0,0.0,0.0,1.0
16.8,9.32369220763697,551537.3020259296,0.0,0.0,0.0,570579.6743408082,667.83231428256,0.35,26760.0,0.0,0.0,1.0
16.900000000000002,9.386691275832785,555317.4774201034,0.0,0.0,0.0,574518.0229436767,667.83231428256,0.35,26760.0,0.0,0.0,1.0
17.0,9.449679088716906,559097.0092623034,0.0,0.0,0.0,578455.7056459411,667.83231428256,0.35,26760.0,0.0,0.0,1.0
17.1,9.512655572561682,562875.8932680472,0.0,0.0,0.0,582392.717981566,667.83231428256,0.35,26760.0,0.0,0.0,1.0
17.2,9.575620653693477,566654.1251557817,0.0,0.0,0.0,586329.0554875493,667.83231428256,0.35,26760.0,0.0,0.0,1.0
17.3,9.638574258492993,570431.7006469016,0.0,0.0,0.0,590264.7137039393,667.83231428256,0.35,26760.0,0.0,0.0,1.0
17.400000000000002,9.701516313395622,574208.6154657685,0.0,0.0,0.0,594199.6881738559,667.83231428256,0.35,26760.0,0.0,0.0,1.0
17.5,9.764446744891773,577984.8653397298,0.0,0.0,0.0,598133.9744435089,667.83231428256,0.35,26760.0,0.0,0.0,1.0
17.6,9.82736547952721,581760.4459991363,0.0,0.0,0.0,602067.5680622186,667.83231428256,0.35,26760.0,0.0,0.0,1.0
17.7,9.890272443903388,585535.3531773617,0.0,0.0,0.0,606000.4645824337,667.83231428256,0.35,26760.0,0.0,0.0,1.0
17.8,9.953167564677791,589309.5826108207,0.0,0.0,0.0,609932.6595597517,667.83231428256,0.35,26760.0,0.0,0.0,1.0
17.900000000000002,10.016050768564257,593083.1300389875,0.0,0.0,0.0,613864.1485529382,667.83231428256,0.35,26760.0,0.0,0.0,1.0
18.0,10.078921982333316,596855.9912044151,0.0,0.0,0.0,617794.9271239453,667.83231428256,0.35,26760.0,0.0,0.0,1.0
18.1,10.141781132812529,600628.1618527521,0.0,0.0,0.0,621724.9908379324,667.83231428256,0.35,26760.0,0.0,0.0,1.0
18.2,10.204628146886808,604399.6377327623,0.0,0.0,0.0,625654.3352632835,667.83231428256,0.35,26760.0,0.0,0.0,1.0
18.3,10.26746295149876,608170.4145963435,0.0,0.0,0.0,629582.9559716274,667.83231428256,0.35,26760.0,0.0,0.0,1.0
18.400000000000002,10.330285473649008,611940.4881985446,0.0,0.0,0.0,633510.8485378579,667.83231428256,0.35,26760.0,0.0,0.0,1.0
18.5,10.39309564039653,615709.8542975852,0.0,0.0,0.0,637438.0085401506,667.83231428256,0.35,26760.0,0.0,0.0,1.0
18.6,10.455893378858978,619478.5086548727,0.0,0.0,0.0,641364.4315599846,667.83231428256,0.35,26760.0,0.0,0.0,1.0
18.7,10.518678616213023,623246.4470350216,0.0,0.0,0.0,645290.113182159,667.83231428256,0.35,26760.0,0.0,0.0,1.0
18.8,10.581451279694669,627013.6652058712,0.0,0.0,0.0,649215.0489948142,667.83231428256,0.35,26760.0,0.0,0.0,1.0
18.900000000000002,10.644211296599588,630780.1589385042,0.0,0.0,0.0,653139.2345894492,667.83231428256,0.35,26760.0,0.0,0.0,1.0
19.0,10.706958594283448,634545.9240072642,0.0,0.0,0.0,657062.6655609419,667.83231428256,0.35,26760.0,0.0,0.0,1.0
19.1,10.769693100162241,638310.9561897753,0.0,0.0,0.0,660985.3375075669,667.83231428256,0.35,26760.0,0.0,0.0,1.0
19.200000000000003,10.832414741712602,642075.251266958,0.0,0.0,0.0,664907.2460310159,667.83231428256,0.35,26760.0,0.0,0.0,1.0
19.3,10.895123446472143,645838.8050230494,0.0,0.0,0.0,668828.3867364145,667.83231428256,0.35,26760.0,0.0,0.0,1.0
19.400000000000002,10.957819142039776,649601.6132456202,0.0,0.0,0.0,672748.7552323431,667.83231428256,0.35,26760.0,0.0,0.0,1.0
19.5,11.020501756076033,653363.6717255927,0.0,0.0,0.0,676668.3471308544,667.83231428256,0.35,26760.0,0.0,0.0,1.0
19.6,11.083171216303395,657124.97625726,0.0,0.0,0.0,680587.1580474924,667.83231428256,0.35,26760.0,0.0,0.0,1.0
19.700000000000003,11.145827450506614,660885.5226383022,0.0,0.0,0.0,684505.1836013125,667.83231428256,0.35,26760.0,0.0,0.0,1.0
19.8,11.208470386533039,664645.3066698052,0.0,0.0,0.0,688422.4194148981,667.83231428256,0.35,26760.0,0.0,0.0,1.0
19.900000000000002,11.271099952292928,668404.3241562793,0.0,0.0,0.0,692338.8611143804,667.83231428256,0.35,26760.0,0.0,0.0,1.0
20.0,11.333716075759783,672162.5709056762,0.0,0.0,0.0,696254.5043294576,667.83231428256,0.35,26760.0,0.0,0.0,0.0
20.1,11.396318684970655,675920.0427294064,0.0,0.0,0.0,700169.3446934128,667.83231428256,0.35,26760.0,0.0,0.0,0.0
20.200000000000003,11.458907708026484,679676.7354423583,0.0,0.0,0.0,704083.3778431317,667.83231428256,0.35,26760.0,0.0,0.0,0.0
20.3,11.5214830730924,337826.8934382617,0.0,0.0,0.0,707996.5994191233,667.83231428256,0.35,26760.0,0.0,0.0,0.0
20.400000000000002,11.58404470839805,165932.0194424211,0.0,0.0,0.0,351903.0139981893,667.83231428256,0.35,26760.0,0.0,0.0,0.0
20.5,11.612368542237919,79489.4764182466,0.0,0.0,0.0,172845.8535858553,667.83231428256,0.35,26760.0,0.0,0.0,0.0
20.6,11.623574193934774,36010.4807285093,0.0,0.0,0.0,82801.53793567355,667.83231428256,0.35,26760.0,0.0,0.0,0.0
20.700000000000003,11.62622149661954,15173.36145775186,0.0,0.0,0.0,37510.91742553052,667.83231428256,0.35,26760.0,0.0,0.0,0.0
20.8,11.624590372187198,6341.957005280198,0.0,0.0,0.0,15805.584851824853,667.83231428256,0.35,26760.0,0.0,0.0,0.0
20.900000000000002,11.620926028269286,2732.8265824276104,0.0,0.0,0.0,6606.20521383354,667.83231428256,0.35,26760.0,0.0,0.0,0.0
21.0,11.616403644307963,1334.032658323206,0.0,0.0,0.0,2846.694356695428,667.83231428256,0.35,26760.0,0.0,0.0,0.0
21.1,11.611531804642276,834.4948820180613,0.0,0.0,0.0,1389.6173524200065,667.83231428256,0.35,26760.0,0.0,0.0,0.0
21.200000000000003,11.606525298466412,676.2289856424019,0.0,0.0,0.0,869.2655021021471,667.83231428256,0.35,26760.0,0.0,0.0,0.0
21.3,11.601471445035807,635.2141493680416,0.0,0.0,0.0,704.405193377502,667.83231428256,0.35,26760.0,0.0,0.0,0.0
21.400000000000002,11.596403380861652,629.8948779330138,0.0,0.0,0.0,661.68140559171,667.83231428256,0.35,26760.0,0.0,0.0,0.0
21.5,11.59133249391497,632.8530909789453,0.0,0.0,0.0,656.1404978468895,667.83231428256,0.35,26760.0,0.0,0.0,0.0
21.6,11.58626225245348,636.1373811761433,0.0,0.0,0.0,659.2219697697346,667.83231428256,0.35,26760.0,0.0,0.0,0.0
21.700000000000003,11.581193460852765,638.1768246374284,0.0,0.0,0.0,662.643105391816,667.83231428256,0.35,26760.0,0.0,0.0,0.0
21.8,11.576126150374524,639.1247170882551,0.0,0.0,0.0,664.7675256639878,667.83231428256,0.35,26760.0,0.0,0.0,0.0
21.900000000000002,11.571060199310736,639.39223799168,0.0,0.0,0.0,665.7549136335991,667.83231428256,0.35,26760.0,0.0,0.0,0.0
22.0,11.565995500735267,639.2934618897908,0.0,0.0,0.0,666.0335812413333,667.83231428256,0.35,26760.0,0.0,0.0,0.0
22.1,11.560931987670074,639.0145843612102,0.0,0.0,0.0,665.9306894685321,667.83231428256,0.35,26760.0,0.0,0.0,0.0
22.200000000000003,11.555869623683787,638.6530113986544,0.0,0.0,0.0,665.6401920429273,667.83231428256,0.35,26760.0,0.0,0.0,0.0
22.3,11.550808390467092,638.255690300781,0.0,0.0,0.0,665.263553540265,667.83231428256,0.35,26760.0,0.0,0.0,0.0
22.400000000000002,11.545748279196827,637.8438572414252,0.0,0.0,0.0,664.8496773966469,667.83231428256,0.35,26760.0,0.0,0.0,0.0
22.5,11.540689285624703,637.4265894876551,0.0,0.0,0.0,664.4206846264847,667.83231428256,0.35,26760.0,0.0,0.0,0.0
22.6,11.535631407573199,637.0075528202872,0.0,0.0,0.0,663.9860307163074,667.83231428256,0.35,26760.0,0.0,0.0,0.0
22.700000000000003,11.530574643750688,636.5881360047717,0.0,0.0,0.0,663.5495341877992,667.83231428256,0.35,26760.0,0.0,0.0,0.0
22.8,11.525518993223802,636.1688236565814,0.0,0.0,0.0,663.1126416716372,667.83231428256,0.35,26760.0,0.0,0.0,0.0
22.900000000000002,11.520464455195285,635.7497647807388,0.0,0.0,0.0,662.6758579756056,667.83231428256,0.35,26760.0,0.0,0.0,0.0
23.0,11.515411028915736,635.3309945932116,0.0,0.0,0.0,662.2393383132696,667.83231428256,0.35,26760.0,0.0,0.0,0.0
23.1,11.510358713650835,634.9125150442652,0.0,0.0,0.0,661.8031193679287,667.83231428256,0.35,26760.0,0.0,0.0,0.0
23.200000000000003,11.505307508670214,634.4943212244617,0.0,0.0,0.0,661.3672031711096,667.83231428256,0.35,26760.0,0.0,0.0,0.0
23.3,11.500257413244206,634.0764086024745,0.0,0.0,0.0,660.9315846088143,667.83231428256,0.35,26760.0,0.0,0.0,0.0
23.400000000000002,11.495208426643174,633.6587742154302,0.0,0.0,0.0,660.4962589609111,667.83231428256,0.35,26760.0,0.0,0.0,0.0
23.5,11.490160548137544,633.2414163359733,0.0,0.0,0.0,660.0612231410731,667.83231428256,0.35,26760.0,0.0,0.0,0.0
23.6,11.485113776997956,632.8243339773113,0.0,0.0,0.0,659.6264753499722,667.83231428256,0.35,26760.0,0.0,0.0,0.0
23.700000000000003,11.480068112495388,632.4075265431934,0.0,0.0,0.0,659.1920145596993,667.83231428256,0.35,26760.0,0.0,0.0,0.0
23.8,11.475023553901229,631.9909936262779,0.0,0.0,0.0,658.7578401491598,667.83231428256,0.35,26760.0,0.0,0.0,0.0
23.900000000000002,11.46998010048731,631.5747349054627,0.0,0.0,0.0,658.3239516940396,667.83231428256,0.35,26760.0,0.0,0.0,0.0
24.0,11.464937751525934,631.1587500967015,0.0,0.0,0.0,657.890348859857,667.83231428256,0.35,26760.0,0.0,0.0,0.0
24.1,11.459896506289866,630.743038931271,0.0,0.0,0.0,657.4570313507307,667.83231428256,0.35,26760.0,0.0,0.0,0.0
24.200000000000003,11.454856364052358,630.3276011461681,0.0,0.0,0.0,657.0239988867406,667.83231428256,0.35,26760.0,0.0,0.0,0.0
24.3,11.44981732408713,629.9124364809601,0.0,0.0,0.0,656.5912511939251,667.83231428256,0.35,26760.0,0.0,0.0,0.0
24.400000000000002,11.444779385668383,629.4975446758839,0.0,0.0,0.0,656.1587880010001,667.83231428256,0.35,26760.0,0.0,0.0,0.0
24.5,11.439742548070791,629.0829254716191,0.0,0.0,0.0,655.726609037379,667.83231428256,0.35,26760.0,0.0,0.0,0.0
24.6,11.43470681056951,628.6685786093742,0.0,0.0,0.0,655.2947140329366,667.83231428256,0.35,26760.0,0.0,0.0,0.0
24.700000000000003,11.429672172440167,628.2545038303352,0.0,0.0,0.0,654.8631027180982,667.83231428256,0.35,26760.0,0.0,0.0,0.0
24.8,11.424638632958864,627.84070087605,0.0,0.0,0.0,654.4317748232659,667.83231428256,0.35,26760.0,0.0,0.0,0.0
24.900000000000002,11.419606191402181,627.4271694883552,0.0,0.0,0.0,654.0007300792188,667.83231428256,0.35,26760.0,0.0,0.0,0.0
25.0,11.414574847047172,627.0139094093406,0.0,0.0,0.0,653.5699682170366,667.83231428256,0.35,26760.0,0.0,0.0,0.0
25.1,11.409544599171362,626.6009203813314,0.0,0.0,0.0,653.1394889680631,667.83231428256,0.35,26760.0,0.0,0.0,0.0
25.200000000000003,11.404515447052752,626.1882021468789,0.0,0.0,0.0,652.7092920638869,667.83231428256,0.35,26760.0,0.0,0.0,0.0
25.3,11.399487389969815,625.7757544488863,0.0,0.0,0.0,652.2793772363322,667.83231428256,0.35,26760.0,0.0,0.0,0.0
25.400000000000002,11.394460427201498,625.3635770305418,0.0,0.0,0.0,651.84974421759,667.83231428256,0.35,26760.0,0.0,0.0,0.0
25.5,11.389434558027215,624.9516696353485,0.0,0.0,0.0,651.4203927401478,667.83231428256,0.35,26760.0,0.0,0.0,0.0
25.6,11.384409781726859,624.5400320070097,0.0,0.0,0.0,650.9913225368214,667.83231428256,0.35,26760.0,0.0,0.0,0.0
25.700000000000003,11.37938609758079,624.1286638894369,0.0,0.0,0.0,650.5625333406351,667.83231428256,0.35,26760.0,0.0,0.0,0.0
25.8,11.374363504869839,623.7175650269488,0.0,0.0,0.0,650.1340248848301,667.83231428256,0.35,26760.0,0.0,0.0,0.0
25.900000000000002,11.369342002875307,623.3067351640453,0.0,0.0,0.0,649.7057969030717,667.83231428256,0.35,26760.0,0.0,0.0,0.0
26.0,11.364321590878967,622.8961740454884,0.0,0.0,0.0,649.2778491292139,667.83231428256,0.35,26760.0,0.0,0.0,0.0
26.1,11.359302268163061,622.48588141641,0.0,0.0,0.0,648.8501812973838,667.83231428256,0.35,26760.0,0.0,0.0,0.0
26.200000000000003,11.354284034010297,622.075857022103,0.0,0.0,0.0,648.4227931420938,667.83231428256,0.35,26760.0,0.0,0.0,0.0
26.3,11.349266887703854,621.6661006081132,0.0,0.0,0.0,647.995684398024,667.83231428256,0.35,26760.0,0.0,0.0,0.0
26.400000000000002,11.344250828527379,621.2566119203495,0.0,0.0,0.0,647.568854800118,667.83231428256,0.35,26760.0,0.0,0.0,0.0
26.5,11.339235855764988,620.84739070501,0.0,0.0,0.0,647.1423040836975,667.83231428256,0.35,26760.0,0.0,0.0,0.0
26.6,11.33422196870126,620.4384367084126,0.0,0.0,0.0,646.7160319843854,667.83231428256,0.35,26760.0,0.0,0.0,0.0
26.700000000000003,11.329209166621245,620.0297496772375,0.0,0.0,0.0,646.2900382379298,667.83231428256,0.35,26760.0,0.0,0.0,0.0
26.8,11.324197448810457,619.6213293585174,0.0,0.0,0.0,645.8643225804558,667.83231428256,0.35,26760.0,0.0,0.0,0.0
26.900000000000002,11.319186814554875,619.213175499437,0.0,0.0,0.0,645.4388847484556,667.83231428256,0.35,26760.0,0.0,0.0,0.0
27.0,11.314177263140948,618.8052878474283,0.0,0.0,0.0,645.0137244785803,667.83231428256,0.35,26760.0,0.0,0.0,0.0
27.1,11.309168793855585,618.3976661503476,0.0,0.0,0.0,644.5888415077378,667.83231428256,0.35,26760.0,0.0,0.0,0.0
27.200000000000003,11.304161405986163,617.9903101560445,0.0,0.0,0.0,644.1642355732788,667.83231428256,0.35,26760.0,0.0,0.0,0.0
27.3,11.29915509882052,617.5832196128604,0.0,0.0,0.0,643.7399064125464,667.83231428256,0.35,26760.0,0.0,0.0,0.0
27.400000000000002,11.294149871646962,617.1763942693584,0.0,0.0,0.0,643.3158537633963,667.83231428256,0.35,26760.0,0.0,0.0,0.0
27.5,11.28914572375425,616.7698338743178,0.0,0.0,0.0,642.8920773639151,667.83231428256,0.35,26760.0,0.0,0.0,0.0
27.6,11.28414265443162,616.3635381768607,0.0,0.0,0.0,642.4685769524144,667.83231428256,0.35,26760.0,0.0,0.0,0.0
27.700000000000003,11.279140662968759,615.9575069263213,0.0,0.0,0.0,642.0453522675633,667.83231428256,0.35,26760.0,0.0,0.0,0.0
27.8,11.274139748655823,615.5517398722446,0.0,0.0,0.0,641.6224030482514,667.83231428256,0.35,26760.0,0.0,0.0,0.0
27.900000000000002,11.269139910783426,615.1462367644507,0.0,0.0,0.0,641.1997290335881,667.83231428256,0.35,26760.0,0.0,0.0,0.0
28.0,11.264141148642645,614.7409973531963,0.0,0.0,0.0,640.7773299629695,667.83231428256,0.35,26760.0,0.0,0.0,0.0
28.1,11.259143461525017,614.3360213888019,0.0,0.0,0.0,640.3552055762462,667.83231428256,0.35,26760.0,0.0,0.0,0.0
28.200000000000003,11.254146848722538,613.931308622048,0.0,0.0,0.0,639.9333556133354,667.83231428256,0.35,26760.0,0.0,0.0,0.0
28.3,11.249151309527667,613.5268588037262,0.0,0.0,0.0,639.5117798146334,667.83231428256,0.35,26760.0,0.0,0.0,0.0
28.400000000000002,11.244156843233315,613.1226716848666,0.0,0.0,0.0,639.0904779205482,667.83231428256,0.35,26760.0,0.0,0.0,0.0
28.5,11.23916344913286,612.7187470172408,0.0,0.0,0.0,638.6694496717361,667.83231428256,0.35,26760.0,0.0,0.0,0.0
28.6,11.234171126520138,612.3150845524478,0.0,0.0,0.0,638.2486948096259,667.83231428256,0.35,26760.0,0.0,0.0,0.0
28.700000000000003,11.229179874689436,611.9116840422986,0.0,0.0,0.0,637.8282130754666,667.83231428256,0.35,26760.0,0.0,0.0,0.0
28.8,11.224189692935505,611.5085452391364,0.0,0.0,0.0,637.4080042107278,667.83231428256,0.35,26760.0,0.0,0.0,0.0
28.900000000000002,11.219200580553553,611.1056678954807,0.0,0.0,0.0,636.9880679574338,667.83231428256,0.35,26760.0,0.0,0.0,0.0
29.0,11.214212536839238,610.7030517639781,0.0,0.0,0.0,636.5684040577923,667.83231428256,0.35,26760.0,0.0,0.0,0.0
29.1,11.209225561088681,610.3006965975708,0.0,0.0,0.0,636.1490122541439,667.83231428256,0.35,26760.0,0.0,0.0,0.0
29.200000000000003,11.204239652598458,609.8986021497742,0.0,0.0,0.0,635.7298922891363,667.83231428256,0.35,26760.0,0.0,0.0,0.0
29.3,11.1992548106656,609.4967681740428,0.0,0.0,0.0,635.3110439060148,667.83231428256,0.35,26760.0,0.0,0.0,0.0
29.400000000000002,11.19427103458759,609.0951944240319,0.0,0.0,0.0,634.8924668479613,667.83231428256,0.35,26760.0,0.0,0.0,0.0
29.5,11.18928832366237,608.6938806538577,0.0,0.0,0.0,634.4741608583665,667.83231428256,0.35,26760.0,0.0,0.0,0.0
29.6,11.184306677188331,608.2928266177126,0.0,0.0,0.0,634.0561256811018,667.83231428256,0.35,26760.0,0.0,0.0,0.0
29.700000000000003,11.179326094464324,607.8920320703149,0.0,0.0,0.0,633.6383610601174,667.83231428256,0.35,26760.0,0.0,0.0,0.0
29.8,11.174346574789649,607.4914967664271,0.0,0.0,0.0,633.2208667399115,667.83231428256,0.35,26760.0,0.0,0.0,0.0
29.900000000000002,11.169368117464058,607.0912204611287,0.0,0.0,0.0,632.8036424650282,667.83231428256,0.35,26760.0,0.0,0.0,0.0
30.0,11.164390721787758,606.6912029098244,0.0,0.0,0.0,632.3866879803425,667.83231428256,0.35,26760.0,0.0,1.0,0.0
30.1,11.159414387061407,606.2914438680551,0.0,0.0,0.0,631.9700030310671,667.83231428256,0.35,26760.0,0.0,1.0,0.0
30.200000000000003,11.154439112586116,605.8919430915959,0.0,0.0,80000.0,631.5535873625574,667.83231428256,0.35,26760.0,0.0,1.0,0.0
30.3,11.055420453219,605.4927003365048,0.0,0.0,80000.0,631.1374407204124,667.83231428256,0.35,26760.0,0.0,1.0,0.0
30.400000000000002,10.956423028997403,605.0937153590834,0.0,0.0,80000.0,630.7215628505259,667.83231428256,0.35,26760.0,0.0,1.0,0.0
30.5,10.857446645971365,0.0,0.0,0.0,80000.0,630.3059534990452,667.83231428256,0.35,26760.0,0.0,1.0,0.0
30.6,10.758491110353486,0.0,290258.11246371723,26531.19003995575,80000.0,-290258.11246371723,667.83231428256,0.35,26760.0,0.0,1.0,0.0
30.700000000000003,10.62830613428457,0.0,429233.6125930934,39588.820183259806,53468.80996004425,-429233.6125930934,667.83231428256,0.35,26760.0,0.0,1.0,0.0
30.8,10.513986977271816,0.0,495633.6497169782,46129.70824182022,40411.179816740194,-495633.64971697814,668.1799256038316,0.3508293088927535,26787.864778796516,27.864778796516852,1.0,0.0
30.900000000000002,10.407351964979611,0.0,526063.5514779635,49412.232356130655,33870.29175817978,-526063.5514779635,668.6936419318573,0.3520556906430195,26829.071205605454,69.07120560545383,1.0,0.0
31.0,10.304568895569842,0.0,536227.284924168,50983.83277766654,30587.767643869345,-536227.284924168,669.2863367794371,0.35347178678506797,26876.652035978284,116.65203597828373,1.0,0.0
31.1,10.203817680464413,0.0,538341.9554781602,51741.429210463626,29016.16722233346,-538341.9554781602,669.9148470380417,0.35497482550357645,26927.15413692017,167.15413692016824,1.0,0.0
31.200000000000003,10.104043335988717,0.0,539107.6086521104,52345.92117365349,28258.570789536374,-539107.6086521104,670.554894052591,0.3565069034605026,26978.63195627289,218.63195627288837,1.0,0.0
31.3,10.004468551168458,0.0,539393.9085408949,52896.122553118454,27654.078826346507,-539393.9085408949,671.1968512043591,0.35804502333329735,27030.31278399879,270.31278399879176,1.0,0.0
31.400000000000002,9.90497693384642,0.0,539464.8890943329,53425.44172638155,27103.877446881546,-539464.8890943329,671.8391066620712,0.35958533078658905,27082.067114429392,322.06711442939434,1.0,0.0
31.5,9.805529003103706,0.0,539404.1791100735,53946.92992814739,26574.55827361845,-539404.1791100735,672.4810893208487,0.3611264562395631,27133.84892964932,373.84892964932027,1.0,0.0
31.6,9.706109216934241,0.0,539770.1777532982,54520.83399616109,26053.070071852613,-539770.1777532982,673.1225440562114,0.36266778449411835,27185.637559002378,425.63755900237624,1.0,0.0
31.700000000000003,9.606646555445485,0.0,540241.2521605357,55116.53442803898,25479.166003838905,-540241.2521605357,673.7633160118488,0.3642089392915757,27237.420360196946,477.4203601969433,1.0,0.0
31.8,9.50717683052193,0.0,540599.2331346668,55712.420125959,24883.465571961016,-540599.2331346668,674.4039133098856,0.3657511397994423,27289.23829726126,529.2382972612598,1.0,0.0
31.900000000000002,9.40772525734171,0.0,540776.6389010065,56301.55321353943,24287.579874041,-540776.6389010065,675.0444609736047,0.3672946862341867,27341.101457468674,581.1014574686712,1.0,0.0
32.0,9.308299797271339,0.0,540779.3798501478,56884.761110017214,23698.44678646057,-540779.3798501478,675.6848252433674,0.3688392554717143,27392.9989838496,632.9989838495993,1.0,0.0
32.1,9.208899281813556,0.0,540648.5147524246,57466.01346425415,23115.238889982786,-540648.5147524246,676.32479304429,0.37038433158286005,27444.913541184098,684.913541184096,1.0,0.0
32.2,9.109518848964063,0.0,540432.0347259558,58050.24892282446,22533.986535745848,-540432.0347259558,676.9641590912786,0.371929415525289,27496.82836164971,736.8283616497101,1.0,0.0
32.300000000000004,9.010152498607503,0.0,540163.0959138022,58641.109023929625,21949.751077175537,-540163.0959138022,677.6027673480722,0.3734741255674388,27548.730619065944,788.7306190659428,1.0,0.0
32.4,8.910795756611854,0.0,539861.2764276107,59240.95920814102,21358.890976070375,-539861.2764276107,678.2405189704662,0.3750182170952272,27600.612094399636,840.6120943996347,1.0,0.0
32.5,8.81144564982027,0.0,539537.282193555,59851.30840012708,20759.040791858977,-539537.282193555,678.8773545544065,0.3765615402264095,27652.467751607357,892.4677516073597,1.0,0.0
32.6,8.712100212519509,0.0,539197.8732831093,60473.29836587214,20148.691599872913,-539197.8732831093,679.5132379645546,0.3781040010162026,27704.29443414441,944.2944341444103,1.0,0.0
32.7,8.612757910980907,0.0,538846.1569720827,61107.698645014934,19526.701634127858,-538846.1569720827,680.1481457892708,0.3796455361081842,27756.09001323499,996.0900132349916,1.0,0.0
32.800000000000004,8.513417649330702,0.0,538483.0580480713,61755.05386854042,18892.301354985066,-538483.0580480713,680.7820626440125,0.3811861014604216,27807.853009070164,1047.8530090701702,1.0,0.0
32.9,8.41407859628608,0.0,538108.5772694299,62415.81993069558,18244.946131459583,-538108.5772694299,681.4149768452345,0.3827256619089132,27859.582240139483,1099.58224013949,1.0,0.0
33.0,8.31474002502611,0.0,537722.4495112896,63090.43995409932,17584.18006930442,-537722.4495112896,682.0468778330917,0.38426418493190767,27911.2766137121,1151.2766137121048,1.0,0.0
33.1,8.215401223867353,0.0,537324.4215381647,63779.376326422695,16909.560045900682,-537324.4215381647,682.6777550832453,0.38580163800982037,27962.935037129966,1202.93503712997,1.0,0.0
33.2,8.11606145859499,0.0,536914.3137433345,64483.12042166692,16220.623673577305,-536914.3137433345,683.3075977952517,0.38733798786556695,28014.556392283048,1254.5563922830538,1.0,0.0
33.300000000000004,8.016719961032978,0.0,536491.96393188,65202.188659054256,15516.879578333079,-536491.96393188,683.936394907581,0.3888732004985331,28066.13953675071,1306.1395367507175,1.0,0.0
33.4,7.917375933676684,0.0,536057.1732361481,65937.11804958471,14797.811340945744,-536057.1732361481,684.5641351846939,0.39040724139494254,28117.68331087007,1357.6833108700778,1.0,0.0
33.5,7.818028554926721,0.0,535609.6817353597,66688.46473704546,14062.881950415293,-535609.6817353597,685.1908072379975,0.391940075577605,28169.18653940753,1409.1865394075382,1.0,0.0
33.6,7.71867698080161,0.0,535149.1690572011,67456.80538097407,13311.535262954538,-535149.1690572011,685.8163994835911,0.3934716675011369,28220.6480280382,1460.6480280382084,1.0,0.0
33.7,7.619320343309043,0.0,534675.2587979196,68242.73900127136,12543.194619025933,-534675.2587979196,686.440900071822,0.39500198087752364,28272.066557484795,1512.0665574848028,1.0,0.0
33.800000000000004,7.5199577482744955,0.0,534187.5249297036,69046.88921451126,11757.260998728641,-534187.5249297036,687.0642968179213,0.3965309785034014,28323.44087771429,1563.440877714294,1.0,0.0
33.9,7.420588272709464,0.0,533685.4987985609,69869.90675119156,10953.110785488738,-533685.4987985609,687.6865771381476,0.39805862209996684,28374.769702558886,1614.769702558894,1.0,0.0
34.0,7.321210961849552,0.0,533168.6749276246,70712.47204379617,10130.093248808436,-533168.6749276246,688.3077279937143,0.39958487217119465,28426.05170495214,1666.0517049521457,1.0,0.0
34.1,7.221824826109464,0.0,532636.5148578061,71575.29776516464,9287.527956203834,-532636.5148578061,688.9277358431337,0.4011096878820477,28477.285512836803,1717.2855128368076,1.0,0.0
34.2,7.122428838096537,0.0,532088.448971473,72459.1313050916,8424.702234835364,-532088.448971473,689.546586601537,0.4026330269532695,28528.469705629854,1768.4697056298596,1.0,0.0
34.300000000000004,7.023021929696955,0.0,531523.8765484373,73364.75721318915,7540.868694908393,-531523.8765484373,690.1642656046482,0.4041548455671489,28579.602811056204,1819.602811056209,1.0,0.0
34.4,6.923602989201658,0.0,530942.1646275286,74292.99968320946,6635.242786810849,-530942.1646275286,690.7807575750484,0.405675098278496,28630.683302157464,1870.6833021574705,1.0,0.0
34.5,6.824170858383499,0.0,529509.3308123676,75126.4948243375,5707.000316790538,-529509.3308123676,691.3960465886648,0.40719373792577723,28681.709594306114,1921.7095943061204,1.0,0.0
34.6,6.724863315758133,0.0,525014.9927386674,75543.1880545667,4873.5051756625035,-525014.9927386674,692.0101160401048,0.40871071553899874,28732.680042110358,1972.6800421103633,1.0,0.0
34.7,6.6260587471403785,0.0,519009.87432908657,75751.47462702873,4456.811945433307,-519009.8743290865,692.6219861014658,0.4102235993413198,28783.512937868345,2023.5129378683507,1.0,0.0
34.800000000000004,6.52751191736461,0.0,512259.04645574413,75855.55193255705,4248.525372971271,-512259.0464557442,693.2281295645187,0.41172364217771606,28833.91437717126,2073.9143771712625,1.0,0.0
34.9,6.42910011545548,0.0,505152.7338210449,75907.88199709498,4144.448067442951,-505152.73382104485,693.8268194718676,0.413206527532942,28883.739325106853,2123.739325106855,1.0,0.0
35.0,6.33076146495068,0.0,497913.14337181323,75935.68870360858,4092.118002905015,-497913.14337181323,694.4172160112224,0.4146701248085298,28932.9161935666,2172.9161935666066,1.0,0.0
35.1,6.232463766567031,0.0,490610.53552896087,75951.58204716744,4064.3112963914173,-490610.53552896087,694.9989311264374,0.4161134183337328,28981.410856013423,2221.4108560134264,1.0,0.0
35.2,6.134192004753385,0.0,483270.95778589003,75960.55617883736,4048.417952832562,-483270.95778589003,695.5718333114742,0.4175360273147951,29029.210517777115,2269.210517777121,1.0,0.0
35.300000000000004,6.035940118819554,0.0,475910.4326092699,75965.58783220034,4039.4438211626402,-475910.43260927,696.1358719051415,0.41893777170202073,29076.309129187895,2316.309129187901,1.0,0.0
35.4,5.937704420516341,0.0,468538.33135933103,75968.40214852779,4034.412167799659,-468538.33135933103,696.6910259832467,0.4203185458671233,29122.703141135342,2362.7031411353464,1.0,0.0
35.5,5.83948269344723,0.0,461160.15280114725,75969.98428447293,4031.5978514722083,-461160.15280114725,697.2372927330866,0.4216782899602926,29168.39054266583,2408.3905426658366,1.0,0.0
35.6,5.741273591451022,0.0,453779.15152692545,75970.89519573575,4030.0157155270717,-453779.15152692545,697.7746797555345,0.4230169709070335,29213.370222476326,2453.370222476332,1.0,0.0
35.7,5.643076267267203,0.0,446397.0682533363,75971.44499187432,4029.1048042642506,-446397.0682533363,698.3032005886989,0.42433457134360825,29257.641597145237,2497.641597145242,1.0,0.0
35.800000000000004,5.544890168683103,0.0,439014.7958132082,75971.79878416544,4028.555008125681,-439014.7958132082,698.8228721177233,0.4256310832051138,29301.204395691824,2541.204395691827,1.0,0.0
35.9,5.4467149140658,0.0,431632.79401639366,75972.0452550435,4028.2012158345606,-431632.79401639366,699.3337128324853,0.4269065034001233,29344.05851424414,2584.0585142441473,1.0,0.0
36.0,5.348550211732787,0.0,424251.2980799447,75972.2323273233,4027.9547449565,-424251.2980799447,699.8357418547371,0.428160831388161,29386.20393464221,2626.2039346422152,1.0,0.0
36.1,5.250395818008616,0.0,416870.42668637173,75972.38603934567,4027.767672676695,-416870.42668637173,700.3289784435572,0.4293940679424936,29427.640682867783,2667.640682867789,1.0,0.0
36.2,5.152251515029026,0.0,409490.23761175177,75972.52062834159,4027.6139606543293,-409490.23761175177,700.8134417408988,0.4306062145084362,29468.368807483457,2708.368807483464,1.0,0.0
36.300000000000004,5.054117098882966,0.0,402110.75578983483,75972.64389446168,4027.47937165841,-402110.75578983483,701.2891506414614,0.43179727287039726,29508.388368445347,2748.388368445356,1.0,0.0
36.4,4.955992373303854,0.0,394731.9883431311,75972.76009867172,4027.356105538318,-394731.9883431311,701.7561237264704,0.4329672449778594,29547.699431256075,2787.699431256084,1.0,0.0
36.5,4.857877146260661,0.0,387353.93280065455,75972.8715645598,4027.2399013282848,-387353.93280065455,702.2143792296374,0.4341161328515446,29586.302063811898,2826.3020638119083,1.0,0.0
36.6,4.759771228073002,0.0,379976.5815469123,75972.97955794184,4027.1284354402014,-379976.5815469123,702.6639350203011,0.43524393853252497,29624.19633469284,2864.1963346928487,1.0,0.0
36.7,4.661674430375433,0.0,372599.92422219005,75973.08476822429,4027.0204420581576,-372599.92422219005,703.1048085959127,0.4363506640548126,29661.3823122417,2901.3823122417116,1.0,0.0
36.800000000000004,4.563586565550023,0.0,365223.94900949625,75973.18757118806,4026.9152317757107,-365223.94900949625,703.5370170795351,0.4374363114306609,29697.860064070206,2937.8600640702152,1.0,0.0
36.9,4.465507446415937,0.0,357848.6433185535,75973.28817195268,4026.8124288119434,-357848.6433185535,703.9605772200072,0.43850088264272424,29733.629656795536,2973.6296567955455,1.0,0.0
37.0,4.367436886059908,0.0,350473.9941492017,75973.38668266703,4026.7118280473223,-350473.9941492017,704.3755053934946,0.4395443796398943,29768.691155900447,3008.691155900457,1.0,0.0
37.1,4.26937469774346,0.0,343099.98828487453,75973.48316480081,4026.6133173329727,-343099.98828487453,704.78181760574,0.44056680433509016,29803.04462565903,3043.0446256590385,1.0,0.0
37.2,4.171320694851761,0.0,335726.61239569634,75973.57765218773,4026.516835199189,-335726.61239569634,705.1795294946453,0.4415681586040879,29836.690129097355,3076.6901290973615,1.0,0.0
37.300000000000004,4.073274690865097,0.0,328353.8530934512,75973.67016358802,4026.422347812273,-328353.8530934512,705.5686563329929,0.4425484442849018,29869.6277279727,3109.6277279727096,1.0,0.0
37.4,3.975236499342688,0.0,320981.6969608705,75973.76070953894,4026.3298364119837,-320981.6969608705,705.9492130312053,0.44350766317746093,29901.857482762687,3141.8574827626962,1.0,0.0
37.5,3.877205933913204,0.0,313610.1305672003,75973.84929608993,4026.2392904610606,-313610.1305672003,706.3212141400877,0.4444458170434422,29933.379452659658,3173.3794526596675,1.0,0.0
37.6,3.7791828082689563,0.0,306239.1404764431,75973.93592683786,4026.150703910069,-306239.1404764431,706.6846738535264,0.4453629076061876,29964.1936955679,3204.193695567911,1.0,0.0
37.7,3.6811669361620822,0.0,298868.7132516984,75974.02060403656,4026.064073162139,-298868.7132516984,707.039606011129,0.44625893655066523,29994.30026810235,3234.300268102362,1.0,0.0
37.800000000000004,3.5831581314018246,0.0,291498.8354574246,75974.10332920107,4025.9793959634408,-291498.8354574246,707.3860241007981,0.44713390552345506,30023.69922558809,3263.699225588101,1.0,0.0
37.9,3.4851562078524005,0.0,284129.49366059527,75974.18410343706,4025.896670798931,-284129.49366059527,707.7239412612362,0.4479878161327457,30052.390622060255,3292.390622060264,1.0,0.0
38.0,3.3871609794311985,0.0,276760.6744312696,75974.2629276204,4025.815896562941,-276760.6744312696,708.0533702843801,0.44882066994833825,30080.374510264166,3320.374510264177,1.0,0.0
38.1,3.2891722601071507,0.0,269392.3643428489,75974.33980249485,4025.737072379605,-269392.3643428489,708.3743236177653,0.4496324685016543,30107.650941655585,3347.650941655594,1.0,0.0
38.2,3.1911898638992025,0.0,262024.5499721689,75974.41472872553,4025.6601975051453,-262024.54997216887,708.6868133668189,0.4504232132857436,30134.219966400986,3374.219966400996,1.0,0.0
38.300000000000004,3.093213604874836,0.0,254657.2178995026,75974.48770692793,4025.5852712744672,-254657.2178995026,708.9908512970848,0.4511929057552946,30160.0816333779,3400.0816333779094,1.0,0.0
38.400000000000006,2.995243297148621,0.0,247290.35470851755,75974.55873768365,4025.5122930720677,-247290.35470851758,709.2864488363784,0.4519415473266436,30185.235990175224,3425.2359901752375,1.0,0.0
38.5,2.8972787548807837,0.0,239923.9469862084,75974.62782154919,4025.4412623163516,-239923.9469862084,709.5736170768749,0.452669139377785,30209.683083093576,3449.6830830935896,1.0,0.0
38.6,2.7993197922757846,0.0,232557.98132281547,75974.69495906064,4025.372178450809,-232557.98132281547,709.8523667771301,0.4533756832483808,30233.422957145594,3473.422957145607,1.0,0.0
38.7,2.701366223580901,0.0,225192.44431173766,75974.76015073613,4025.305040939362,-225192.44431173766,710.1227083640342,0.45406118023976993,30256.45565605627,3496.4556560562833,1.0,0.0
38.800000000000004,2.6034178630848137,0.0,217827.3225494408,75974.82339707737,4025.239849263875,-217827.3225494408,710.384651934702,0.45472563161497803,30278.78122226326,3518.7812222632733,1.0,0.0
38.900000000000006,2.5054745251161936,0.0,210462.6026353644,75974.8846985704,4025.1766029226274,-210462.6026353644,710.6382072582971,0.4553690385987258,30300.399696917186,3540.3996969172,1.0,0.0
39.0,2.4075360240422934,0.0,203098.2711718276,75974.94405568589,4025.1153014295996,-203098.2711718276,710.8833837777935,0.45599140237743857,30321.311119881935,3561.311119881946,1.0,0.0
39.1,2.309602174267537,0.0,195734.31476393453,75975.00146887956,4025.05594431411,-195734.31476393453,711.120190611673,0.45659272409925394,30341.51552973493,3581.515529734941,1.0,0.0
39.2,2.21167279023211,0.0,188370.7200194793,75975.05693859213,4024.9985311204364,-188370.7200194793,711.348636555562,0.4571730048740306,30361.01296376743,3601.0129637674368,1.0,0.0
39.300000000000004,2.1137476864105547,0.0,181007.47354885092,75975.11046524957,4024.9430614078738,-181007.47354885092,711.5687300838053,0.4577322457733561,30379.803457984763,3619.8034579847745,1.0,0.0
39.400000000000006,2.0158266773103595,0.0,173644.56196493836,75975.16204926294,4024.8895347504294,-173644.56196493836,711.7804793509798,0.4582704478305546,30397.887047106637,3637.887047106645,1.0,0.0
39.5,1.9179095774705541,0.0,166281.97188303535,75975.21169102866,4024.8379507370555,-166281.97188303535,711.9838921933477,0.4587876120406941,30415.263764567324,3655.2637645673344,1.0,0.0
39.6,1.819996201460303,0.0,158919.68992074547,75975.25939092832,4024.788308971343,-158919.68992074547,712.1789761302509,0.45928373936059397,30431.933642515956,3671.933642515968,1.0,0.0
39.7,1.7220863638774997,0.0,151557.70269788688,75975.30514932875,4024.740609071683,-151557.70269788688,712.3657383654448,0.45975883070883117,30447.896711816727,3687.8967118167393,1.0,0.0
39.800000000000004,1.6241798793473623,0.0,144195.99683639748,75975.34896658208,4024.6948506712506,-144195.99683639748,712.5441857883752,0.4602128869657476,30463.15300204912,3703.153002049131,1.0,0.0
39.900000000000006,1.526276562521027,0.0,136834.55896023987,75975.39084302574,4024.6510334179184,-136834.55896023987,712.7143249753966,0.4606459089734558,30477.702541508115,3717.702541508128,1.0,0.0
40.0,1.4283762280741459,0.0,129473.37569530653,75975.43077898242,4024.6091569742566,-129473.37569530655,712.8761621909331,0.4610578975358456,30491.54535720441,3731.545357204422,1.0,0.0
40.1,1.3304786907054813,0.0,122112.43366932462,75975.46877476005,4024.569221017577,-122112.43366932462,713.0297033885824,0.4614488534185891,30504.681474864596,3744.6814748646048,1.0,0.0
40.2,1.2325837651355036,0.0,114751.71951176129,75975.50483065197,4024.5312252399453,-114751.71951176129,713.1749542121642,0.4618187773491471,30517.110918931343,3757.1109189313543,1.0,0.0
40.300000000000004,1.1346912661049873,0.0,107391.21985372866,75975.53894693672,4024.4951693480252,-107391.21985372866,713.3119199967103,0.4621676700167737,30528.833712563595,3768.8337125636094,1.0,0.0
40.400000000000006,1.0368010083736081,0.0,100030.92132788915,75975.57112387812,4024.461053063278,-100030.92132788915,713.4406057694026,0.46249553207252164,30539.849877636727,3779.8498776367383,1.0,0.0
40.5,0.9389128067185412,0.0,92670.81056836055,75975.60136172542,4024.4288761218777,-92670.81056836055,713.5610162504522,0.4628023641292466,30550.159434742687,3790.1594347426962,1.0,0.0
40.6,0.841026475933058,0.0,85310.87421062107,75975.6296607131,4024.398638274579,-85310.87421062107,713.6731558539263,0.46308816676161196,30559.76240319016,3799.7624031901737,1.0,0.0
40.7,0.7431418308251252,0.0,77951.09889141483,75975.65602106093,4024.3703392869065,-77951.09889141483,713.7770286885199,0.46335294050609305,30568.658801004727,3808.6588010047362,1.0,0.0
40.800000000000004,0.645258686216002,0.0,70591.47124865683,75975.68044297404,4024.3439789390686,-70591.47124865683,713.8726385582719,0.4635966858609806,30576.84864492895,3816.8486449289558,1.0,0.0
40.900000000000006,0.5473768569388396,0.0,63231.977921338395,75975.70292664295,4024.319557025956,-63231.977921338395,713.9599889632299,0.46381940328638455,30584.331950422522,3824.331950422532,1.0,0.0
41.0,0.4494961578372792,0.0,55872.60554943231,75975.7234722433,4024.2970733570546,-55872.60554943231,714.0390831000592,0.4640210932042379,30591.108731662393,3831.108731662403,1.0,0.0
41.1,0.35161640376405107,0.0,48513.34077379816,75975.74207993629,4024.276527756694,-48513.34077379816,714.1099238625993,0.4642017559982988,30597.17900154284,3837.1790015428514,1.0,0.0
41.2,0.2537374095795737,0.0,41154.17023608766,75975.75874986834,4024.257920063712,-41154.17023608766,714.1725138423674,0.4643613920141544,30602.542771675588,3842.542771675597,1.0,0.0
41.300000000000004,0.1558589901505529,0.0,33795.08057864982,75975.7734821712,4024.2412501316576,-33795.08057864982,714.2268553290086,0.4645000015592224,30607.20005238987,3847.2000523898814,1.0,0.0
41.400000000000006,0.057980960348580905,0.0,26436.058444436385,75975.78627696195,4024.226517828807,-26436.058444436385,714.2729503106933,0.464617584902754,30611.150852732535,3851.1508527325464,1.0,0.0
41.5,0.0,0.0,19077.09047690713,75975.79713434307,4024.2137230380467,-19077.09047690713,714.310800474463,0.4647141422758359,30614.395180468087,3854.3951804680964,1.0,0.0
41.6,0.0,0.0,11718.163319935147,75975.80605440235,4024.202865656931,-11718.163319935147,714.3404072065216,0.4647896738713914,30616.933042078752,3856.9330420787624,1.0,0.0
41.7,0.0,0.0,4359.263617712233,75975.81303721287,4024.1939455976535,-4359.263617712233,714.361771592477,0.4648441798441826,30618.764442764535,3858.7644427645455,1.0,0.0
41.800000000000004,0.0,0.0,0.0,76080.18647147989,4024.1869627871347,-0.0,714.3748944175279,0.464877660310811,30619.88938644325,3859.8893864432594,1.0,0.0
41.900000000000006,0.0,0.0,0.0,37888.417673984215,3919.8135285201133,-0.0,714.3797761666007,0.46489011534971875,30620.30787575055,3860.3078757505596,1.0,0.0
42.0,0.0,0.0,0.0,18944.20883699211,42111.582326015785,-0.0,714.3797761666007,0.46489011534971875,30620.30787575055,3860.3078757505596,1.0,0.0
42.1,0.0,0.0,0.0,9472.104418496056,61055.79116300789,-0.0,714.3797761666007,0.46489011534971875,30620.30787575055,3860.3078757505596,1.0,0.0
42.2,0.0,0.0,0.0,4736.052209248028,70527.89558150395,-0.0,714.3797761666007,0.46489011534971875,30620.30787575055,3860.3078757505596,1.0,0.0
42.300000000000004,0.0,0.0,0.0,2368.026104624014,75263.94779075198,-0.0,714.3797761666007,0.46489011534971875,30620.30787575055,3860.3078757505596,1.0,0.0
42.400000000000006,0.0,0.0,0.0,1184.013052312007,77631.97389537598,-0.0,714.3797761666007,0.46489011534971875,30620.30787575055,3860.3078757505596,1.0,0.0
42.5,0.0,0.0,0.0,592.0065261560035,78815.986947688,-0.0,714.3797761666007,0.46489011534971875,30620.30787575055,3860.3078757505596,1.0,0.0
42.6,0.0,0.0,0.0,296.00326307800174,79407.99347384399,-0.0,714.3797761666007,0.46489011534971875,30620.30787575055,3860.3078757505596,1.0,0.0
42.7,0.0,0.0,0.0,148.00163153900087,79703.996736922,-0.0,714.3797761666007,0.46489011534971875,30620.30787575055,3860.3078757505596,1.0,0.0
42.800000000000004,0.0,0.0,0.0,74.00081576950043,79851.998368461,-0.0,714.3797761666007,0.46489011534971875,30620.30787575055,3860.3078757505596,1.0,0.0
42.900000000000006,0.0,0.0,0.0,37.00040788475022,79925.9991842305,-0.0,714.3797761666007,0.46489011534971875,30620.30787575055,3860.3078757505596,1.0,0.0
43.0,0.0,0.0,0.0,18.50020394237511,79962.99959211524,-0.0,714.3797761666007,0.46489011534971875,30620.30787575055,3860.3078757505596,1.0,0.0
43.1,0.0,0.0,0.0,9.250101971187554,79981.49979605764,-0.0,714.3797761666007,0.46489011534971875,30620.30787575055,3860.3078757505596,1.0,0.0
43.2,0.0,0.0,0.0,4.625050985593777,79990.74989802881,-0.0,714.3797761666007,0.46489011534971875,30620.30787575055,3860.3078757505596,1.0,0.0
43.300000000000004,0.0,0.0,0.0,2.3125254927968886,79995.37494901441,-0.0,714.3797761666007,0.46489011534971875,30620.30787575055,3860.3078757505596,1.0,0.0
43.400000000000006,0.0,0.0,0.0,1.1562627463984443,79997.68747450721,-0.0,714.3797761666007,0.46489011534971875,30620.30787575055,3860.3078757505596,1.0,0.0
43.5,0.0,0.0,0.0,0.5781313731992221,79998.8437372536,-0.0,714.3797761666007,0.46489011534971875,30620.30787575055,3860.3078757505596,1.0,0.0
43.6,0.0,0.0,0.0,0.28906568659961107,79999.4218686268,-0.0,714.3797761666007,0.46489011534971875,30620.30787575055,3860.3078757505596,1.0,0.0
43.7,0.0,0.0,0.0,0.14453284329980554,79999.7109343134,-0.0,714.3797761666007,0.46489011534971875,30620.30787575055,3860.3078757505596,1.0,0.0
43.800000000000004,0.0,0.0,0.0,0.07226642164990277,79999.8554671567,-0.0,714.3797761666007,0.46489011534971875,30620.30787575055,3860.3078757505596,1.0,0.0
43.900000000000006,0.0,0.0,0.0,0.036133210824951384,79999.92773357836,-0.0,714.3797761666007,0.46489011534971875,30620.30787575055,3860.3078757505596,1.0,0.0
44.0,0.0,0.0,0.0,0.018066605412475692,79999.96386678916,-0.0,714.3797761666007,0.46489011534971875,30620.30787575055,3860.3078757505596,1.0,0.0
44.1,0.0,0.0,0.0,0.009033302706237846,79999.98193339459,-0.0,714.3797761666007,0.46489011534971875,30620.30787575055,3860.3078757505596,1.0,0.0
44.2,0.0,0.0,0.0,0.004516651353118923,79999.9909666973,-0.0,714.3797761666007,0.46489011534971875,30620.30787575055,3860.3078757505596,1.0,0.0
44.300000000000004,0.0,0.0,0.0,0.0022583256765594615,79999.99548334864,-0.0,714.3797761666007,0.46489011534971875,30620.30787575055,3860.3078757505596,1.0,0.0
44.400000000000006,0.0,0.0,0.0,0.0011291628382797307,79999.99774167432,-0.0,714.3797761666007,0.46489011534971875,30620.30787575055,3860.3078757505596,1.0,0.0
44.5,0.0,0.0,0.0,0.0005645814191398654,79999.99887083718,-0.0,714.3797761666007,0.46489011534971875,30620.30787575055,3860.3078757505596,1.0,0.0
44.6,0.0,0.0,0.0,0.0002822907095699327,79999.99943541858,-0.0,714.3797761666007,0.46489011534971875,30620.30787575055,3860.3078757505596,1.0,0.0
44.7,0.0,0.0,0.0,0.00014114535478496634,79999.99971770929,-0.0,714.3797761666007,0.46489011534971875,30620.30787575055,3860.3078757505596,1.0,0.0
44.800000000000004,0.0,0.0,0.0,7.057267739248317e-05,79999.99985885464,-0.0,714.3797761666007,0.46489011534971875,30620.30787575055,3860.3078757505596,1.0,0.0
44.900000000000006,0.0,0.0,0.0,3.5286338696241586e-05,79999.99992942733,-0.0,714.3797761666007,0.46489011534971875,30620.30787575055,3860.3078757505596,1.0,0.0
45.0,0.0,0.0,0.0,1.7643169348120793e-05,79999.99996471366,-0.0,714.3797761666007,0.46489011534971875,30620.30787575055,3860.3078757505596,0.3,0.0
45.1,0.0,0.0,0.0,8.821584674060396e-06,79999.99998235685,-0.0,714.3797761666007,0.46489011534971875,30620.30787575055,3860.3078757505596,0.3,0.0
45.2,0.0,0.0,0.0,4.410792337030198e-06,23999.999991178414,-0.0,714.3797761666007,0.46489011534971875,30620.30787575055,3860.3078757505596,0.3,0.0
45.300000000000004,0.0,0.0,0.0,2.205396168515099e-06,23999.99999558921,-0.0,714.3797761666007,0.46489011534971875,30620.30787575055,3860.3078757505596,0.3,0.0
45.400000000000006,0.0,0.0,0.0,1.1026980842575496e-06,23999.9999977946,-0.0,714.3797761666007,0.46489011534971875,30620.30787575055,3860.3078757505596,0.3,0.0
45.5,0.0,0.0,0.0,5.513490421287748e-07,23999.999998897303,-0.0,714.3797761666007,0.46489011534971875,30620.30787575055,3860.3078757505596,0.3,0.0
45.6,0.0,0.0,0.0,2.756745210643874e-07,23999.99999944865,-0.0,714.3797761666007,0.46489011534971875,30620.30787575055,3860.3078757505596,0.3,0.0
45.7,0.0,0.0,0.0,1.378372605321937e-07,23999.999999724325,-0.0,714.3797761666007,0.46489011534971875,30620.30787575055,3860.3078757505596,0.3,0.0
45.800000000000004,0.0,0.0,0.0,6.891863026609685e-08,23999.999999862164,-0.0,714.3797761666007,0.46489011534971875,30620.30787575055,3860.3078757505596,0.3,0.0
45.900000000000006,0.0,0.0,0.0,3.4459315133048424e-08,23999.999999931082,-0.0,714.3797761666007,0.46489011534971875,30620.30787575055,3860.3078757505596,0.3,0.0
46.0,0.0,0.0,0.0,1.7229657566524212e-08,23999.99999996554,-0.0,714.3797761666007,0.46489011534971875,30620.30787575055,3860.3078757505596,0.3,0.0
46.1,0.0,0.0,0.0,8.614828783262106e-09,23999.99999998277,-0.0,714.3797761666007,0.46489011534971875,30620.30787575055,3860.3078757505596,0.3,0.0
46.2,0.0,0.0,0.0,4.307414391631053e-09,23999.999999991385,-0.0,714.3797761666007,0.46489011534971875,30620.30787575055,3860.3078757505596,0.3,0.0
46.300000000000004,0.0,0.0,0.0,2.1537071958155265e-09,23999.999999995693,-0.0,714.3797761666007,0.46489011534971875,30620.30787575055,3860.3078757505596,0.3,0.0
46.400000000000006,0.0,0.0,0.0,1.0768535979077632e-09,23999.999999997846,-0.0,714.3797761666007,0.46489011534971875,30620.30787575055,3860.3078757505596,0.3,0.0
46.5,0.0,0.0,0.0,5.384267989538816e-10,23999.999999998923,-0.0,714.3797761666007,0.46489011534971875,30620.30787575055,3860.3078757505596,0.3,0.0
46.6,0.0,0.0,0.0,2.692133994769408e-10,23999.99999999946,-0.0,714.3797761666007,0.46489011534971875,30620.30787575055,3860.3078757505596,0.3,0.0
46.7,0.0,0.0,0.0,1.346066997384704e-10,23999.99999999973,-0.0,714.3797761666007,0.46489011534971875,30620.30787575055,3860.3078757505596,0.3,0.0
46.800000000000004,0.0,0.0,0.0,6.73033498692352e-11,23999.999999999865,-0.0,714.3797761666007,0.46489011534971875,30620.30787575055,3860.3078757505596,0.3,0.0
46.900000000000006,0.0,0.0,0.0,3.36516749346176e-11,23999.99999999993,-0.0,714.3797761666007,0.46489011534971875,30620.30787575055,3860.3078757505596,0.3,0.0
47.0,0.0,0.0,0.0,1.68258374673088e-11,23999.999999999967,-0.0,714.3797761666007,0.46489011534971875,30620.30787575055,3860.3078757505596,0.3,0.0
47.1,0.0,0.0,0.0,8.4129187336544e-12,23999.99999999998,-0.0,714.3797761666007,0.46489011534971875,30620.30787575055,3860.3078757505596,0.3,0.0
47.2,0.0,0.0,0.0,4.2064593668272e-12,23999.999999999993,-0.0,714.3797761666007,0.46489011534971875,30620.30787575055,3860.3078757505596,0.3,0.0
47.300000000000004,0.0,0.0,0.0,2.1032296834136e-12,23999.999999999996,-0.0,714.3797761666007,0.46489011534971875,30620.30787575055,3860.3078757505596,0.3,0.0
47.400000000000006,0.0,0.0,0.0,1.0516148417068e-12,23999.999999999996,-0.0,714.3797761666007,0.46489011534971875,30620.30787575055,3860.3078757505596,0.3,0.0
47.5,0.0,0.0,0.0,5.258074208534e-13,24000.0,-0.0,714.3797761666007,0.46489011534971875,30620.30787575055,3860.3078757505596,0.3,0.0
47.6,0.0,0.0,0.0,2.629037104267e-13,24000.0,-0.0,714.3797761666007,0.46489011534971875,30620.30787575055,3860.3078757505596,0.3,0.0
47.7,0.0,0.0,0.0,1.3145185521335e-13,24000.0,-0.0,714.3797761666007,0.46489011534971875,30620.30787575055,3860.3078757505596,0.3,0.0
47.800000000000004,0.0,0.0,0.0,6.5725927606675e-14,24000.0,-0.0,714.3797761666007,0.46489011534971875,30620.30787575055,3860.3078757505596,0.3,0.0
47.900000000000006,0.0,0.0,0.0,3.28629638033375e-14,24000.0,-0.0,714.3797761666007,0.46489011534971875,30620.30787575055,3860.3078757505596,0.3,0.0
48.0,0.0,0.0,0.0,1.643148190166875e-14,24000.0,-0.0,714.3797761666007,0.46489011534971875,30620.30787575055,3860.3078757505596,0.3,0.0
48.1,0.0,0.0,0.0,8.215740950834375e-15,24000.0,-0.0,714.3797761666007,0.46489011534971875,30620.30787575055,3860.3078757505596,0.3,0.0
48.2,0.0,0.0,0.0,4.107870475417188e-15,24000.0,-0.0,714.3797761666007,0.46489011534971875,30620.30787575055,3860.3078757505596,0.3,0.0
48.300000000000004,0.0,0.0,0.0,2.053935237708594e-15,24000.0,-0.0,714.3797761666007,0.46489011534971875,30620.30787575055,3860.3078757505596,0.3,0.0
48.400000000000006,0.0,0.0,0.0,1.026967618854297e-15,24000.0,-0.0,714.3797761666007,0.46489011534971875,30620.30787575055,3860.3078757505596,0.3,0.0
48.5,0.0,0.0,0.0,5.134838094271485e-16,24000.0,-0.0,714.3797761666007,0.46489011534971875,30620.30787575055,3860.3078757505596,0.3,0.0
48.6,0.0,0.0,0.0,2.5674190471357423e-16,24000.0,-0.0,714.3797761666007,0.46489011534971875,30620.30787575055,3860.3078757505596,0.3,0.0
48.7,0.0,0.0,0.0,1.2837095235678711e-16,24000.0,-0.0,714.3797761666007,0.46489011534971875,30620.30787575055,3860.3078757505596,0.3,0.0
48.800000000000004,0.0,0.0,0.0,6.418547617839356e-17,24000.0,-0.0,714.3797761666007,0.46489011534971875,30620.30787575055,3860.3078757505596,0.3,0.0
48.900000000000006,0.0,0.0,0.0,3.209273808919678e-17,24000.0,-0.0,714.3797761666007,0.46489011534971875,30620.30787575055,3860.3078757505596,0.3,0.0
49.0,0.0,0.0,0.0,1.604636904459839e-17,24000.0,-0.0,714.3797761666007,0.46489011534971875,30620.30787575055,3860.3078757505596,0.3,0.0
49.1,0.0,0.0,0.0,8.023184522299195e-18,24000.0,-0.0,714.3797761666007,0.46489011534971875,30620.30787575055,3860.3078757505596,0.3,0.0
49.2,0.0,0.0,0.0,4.011592261149597e-18,24000.0,-0.0,714.3797761666007,0.46489011534971875,30620.30787575055,3860.3078757505596,0.3,0.0
49.300000000000004,0.0,0.0,0.0,2.0057961305747987e-18,24000.0,-0.0,714.3797761666007,0.46489011534971875,30620.30787575055,3860.3078757505596,0.3,0.0
49.400000000000006,0.0,0.0,0.0,1.0028980652873993e-18,24000.0,-0.0,714.3797761666007,0.46489011534971875,30620.30787575055,3860.3078757505596,0.3,0.0
49.5,0.0,0.0,0.0,5.014490326436997e-19,24000.0,-0.0,714.3797761666007,0.46489011534971875,30620.30787575055,3860.3078757505596,0.3,0.0
49.6,0.0,0.0,0.0,2.5072451632184983e-19,24000.0,-0.0,714.3797761666007,0.46489011534971875,30620.30787575055,3860.3078757505596,0.3,0.0
49.7,0.0,0.0,0.0,1.2536225816092492e-19,24000.0,-0.0,714.3797761666007,0.46489011534971875,30620.30787575055,3860.3078757505596,0.3,0.0
49.800000000000004,0.0,0.0,0.0,6.268112908046246e-20,24000.0,-0.0,714.3797761666007,0.46489011534971875,30620.30787575055,3860.3078757505596,0.3,0.0
49.900000000000006,0.0,0.0,0.0,3.134056454023123e-20,24000.0,-0.0,714.3797761666007,0.46489011534971875,30620.30787575055,3860.3078757505596,0.3,0.0
50.0,0.0,0.0,0.0,1.5670282270115615e-20,24000.0,-0.0,714.3797761666007,0.46489011534971875,30620.30787575055,3860.3078757505596,0.3,0.0
