executable_connection_id,structural_connection_id,source_component,source_variable,target_component,target_variable,quantity,unit,datatype,source_of_semantics,source_of_unit,source_of_causality,legacy_contract_id,binding_rule_id,status
EC::CG_002543DBE0F9A7FBC2A3FDD3::line_voltage,CG_002543DBE0F9A7FBC2A3FDD3,L2_4200,out_line_voltage,L2_5100,in_line_voltage,line_voltage,V,Float64,LEGACY_CONTRACT,LEGACY_CONTRACT,LEGACY_CONTRACT,SIM-L2-0006,BR-SIG-001,RESOLVED
EC::CG_071B7693DAFA8B87ADA0A61E::emergency_brake_request,CG_071B7693DAFA8B87ADA0A61E,L2_8100,out_emergency_brake_request,L2_7200,in_emergency_brake_request,emergency_brake_request,1,Boolean,LEGACY_CONTRACT,ENGINEERING_INFERENCE,LEGACY_CONTRACT,SIM-L2-0031,BR-SIG-001,RESOLVED
EC::CG_07AF42BFA3927EF22F7BDDE7::omega_motor,CG_07AF42BFA3927EF22F7BDDE7,L2_5300,out_omega_motor,L2_3600,in_omega_motor,omega_motor,rad/s,Float64,LEGACY_CONTRACT,LEGACY_CONTRACT,LEGACY_CONTRACT,SIM-L2-0065,BR-PHY-005-TAP,RESOLVED
EC::CG_08375F15DCE75E45D4C45CE8::grid_acceptable_regenerative_power,CG_08375F15DCE75E45D4C45CE8,L2_5100,out_grid_acceptable_regenerative_power,L2_8100,in_grid_acceptable_regenerative_power,grid_acceptable_regenerative_power,W,Float64,LEGACY_CONTRACT,LEGACY_CONTRACT,LEGACY_CONTRACT,SIM-L2-0015,BR-SIG-001,RESOLVED
EC::CG_093EFCE58F3AB220CFEC48AC::ess_absorbed_power,CG_093EFCE58F3AB220CFEC48AC,L2_X100,out_ess_absorbed_power,L2_8100,in_ess_absorbed_power,ess_absorbed_power,W,Float64,LEGACY_CONTRACT,LEGACY_CONTRACT,LEGACY_CONTRACT,SIM-L2-0050,BR-SIG-001,RESOLVED
EC::CG_0D68248E62957CCB92C5A2A5::external_safety_system_state,CG_0D68248E62957CCB92C5A2A5,L2_E100,out_external_safety_system_state,L2_8100,in_external_safety_system_state,external_safety_system_state,1,Int32,LEGACY_CONTRACT,ENGINEERING_INFERENCE,LEGACY_CONTRACT,SIM-L2-0049,BR-SIG-001,RESOLVED
EC::CG_1102EBD35D52A38B96D5D2E7::brake_availability,CG_1102EBD35D52A38B96D5D2E7,L2_7200,out_brake_availability,L2_8100,in_brake_availability,brake_availability,1,Boolean,LEGACY_CONTRACT,ENGINEERING_INFERENCE,LEGACY_CONTRACT,SIM-L2-0026,BR-SIG-001,RESOLVED
EC::CG_117A3F0E6C8FF8FF0013A46B::U_sec_rms,CG_117A3F0E6C8FF8FF0013A46B,L2_4500,out_U_sec_rms,L2_5100,in_U_sec_rms,U_sec_rms,V,Float64,LEGACY_CONTRACT,LEGACY_CONTRACT,LEGACY_CONTRACT,SIM-L2-0078,BR-PHY-014-ACSEC,RESOLVED
EC::CG_117A3F0E6C8FF8FF0013A46B::f_sec,CG_117A3F0E6C8FF8FF0013A46B,L2_4500,out_f_sec,L2_5100,in_f_sec,f_sec,Hz,Float64,LEGACY_CONTRACT,LEGACY_CONTRACT,LEGACY_CONTRACT,SIM-L2-0079,BR-PHY-014-ACSEC,RESOLVED
EC::CG_117A3F0E6C8FF8FF0013A46B::I_sec_rms,CG_117A3F0E6C8FF8FF0013A46B,L2_5100,out_I_sec_rms,L2_4500,in_I_sec_rms,I_sec_rms,A,Float64,LEGACY_CONTRACT,LEGACY_CONTRACT,LEGACY_CONTRACT,SIM-L2-0080,BR-PHY-014-ACSEC,RESOLVED
EC::CG_118F2C2B84D1D301C7BE63F8::U_sec_rms,CG_118F2C2B84D1D301C7BE63F8,L2_4500,out_U_sec_rms,L2_5100,in_U_sec_rms,U_sec_rms,V,Float64,LEGACY_CONTRACT,LEGACY_CONTRACT,LEGACY_CONTRACT,SIM-L2-0078,BR-PHY-014-ACSEC,RESOLVED
EC::CG_118F2C2B84D1D301C7BE63F8::f_sec,CG_118F2C2B84D1D301C7BE63F8,L2_4500,out_f_sec,L2_5100,in_f_sec,f_sec,Hz,Float64,LEGACY_CONTRACT,LEGACY_CONTRACT,LEGACY_CONTRACT,SIM-L2-0079,BR-PHY-014-ACSEC,RESOLVED
EC::CG_118F2C2B84D1D301C7BE63F8::I_sec_rms,CG_118F2C2B84D1D301C7BE63F8,L2_5100,out_I_sec_rms,L2_4500,in_I_sec_rms,I_sec_rms,A,Float64,LEGACY_CONTRACT,LEGACY_CONTRACT,LEGACY_CONTRACT,SIM-L2-0080,BR-PHY-014-ACSEC,RESOLVED
EC::CG_1ACF37CC65D3FF235E8BD75C::dynamic_brake_availability,CG_1ACF37CC65D3FF235E8BD75C,L2_8100,out_dynamic_brake_availability,L2_7200,in_dynamic_brake_availability,dynamic_brake_availability,1,Boolean,LEGACY_CONTRACT,ENGINEERING_INFERENCE,LEGACY_CONTRACT,SIM-L2-0037,BR-SIG-001,RESOLVED
EC::CG_1AE13610E33C0DC7055CFCED::ess_contactor_command,CG_1AE13610E33C0DC7055CFCED,L2_8100,out_ess_contactor_command,L2_X100,in_ess_contactor_command,ess_contactor_command,1,Boolean,LEGACY_CONTRACT,ENGINEERING_INFERENCE,LEGACY_CONTRACT,SIM-L2-0041,BR-SIG-001,RESOLVED
EC::CG_1AEA8B915E14A5D0FFEE30D9::brake_cylinder_pressure,CG_1AEA8B915E14A5D0FFEE30D9,L2_8100,out_brake_cylinder_pressure,L2_7200,in_brake_cylinder_pressure,brake_cylinder_pressure,Pa,Float64,LEGACY_CONTRACT,LEGACY_CONTRACT,LEGACY_CONTRACT,SIM-L2-0036,BR-SIG-001,RESOLVED
EC::CG_1C5FC46A1E7682144A3BDDDF::line_voltage,CG_1C5FC46A1E7682144A3BDDDF,L2_4200,out_line_voltage,L2_8100,in_line_voltage,line_voltage,V,Float64,LEGACY_CONTRACT,LEGACY_CONTRACT,LEGACY_CONTRACT,SIM-L2-0009,BR-SIG-001,RESOLVED
EC::CG_20C0A22ECCF07864FDBA3F5A::line_current,CG_20C0A22ECCF07864FDBA3F5A,L2_4200,out_line_current,L2_5100,in_line_current,line_current,A,Float64,LEGACY_CONTRACT,LEGACY_CONTRACT,LEGACY_CONTRACT,SIM-L2-0007,BR-SIG-001,RESOLVED
EC::CG_2274BA128E639FDE4D4F56EC::hv_system_fault,CG_2274BA128E639FDE4D4F56EC,L2_4500,out_hv_system_fault,L2_4200,in_hv_system_fault,hv_system_fault,1,Int32,LEGACY_CONTRACT,ENGINEERING_INFERENCE,LEGACY_CONTRACT,SIM-L2-0011,BR-SIG-001,RESOLVED
EC::CG_25DC22E45A984D1CB28D188B::dcdc_enable_command,CG_25DC22E45A984D1CB28D188B,L2_8100,out_dcdc_enable_command,L2_X100,in_dcdc_enable_command,dcdc_enable_command,1,Boolean,LEGACY_CONTRACT,ENGINEERING_INFERENCE,LEGACY_CONTRACT,SIM-L2-0040,BR-SIG-001,RESOLVED
EC::CG_2E8F3CC8A8EBCDE6B7CF4D27::traction_command,CG_2E8F3CC8A8EBCDE6B7CF4D27,L2_D100,out_traction_command,L2_8100,in_traction_command,traction_command,1,Float64,LEGACY_CONTRACT,LEGACY_CONTRACT,LEGACY_CONTRACT,SIM-L2-0045,BR-SIG-001,RESOLVED
EC::CG_2EE117B4B0633E38D394B904::pantograph_command,CG_2EE117B4B0633E38D394B904,L2_4200,out_pantograph_command,L2_4100,in_pantograph_command,pantograph_command,1,Int32,LEGACY_CONTRACT,ENGINEERING_INFERENCE,LEGACY_CONTRACT,SIM-L2-0003,BR-SIG-001,RESOLVED
EC::CG_338D68ABEF709ACD5E0DDCC6::T_shaft,CG_338D68ABEF709ACD5E0DDCC6,L2_5300,out_T_shaft,L2_3500,in_T_shaft,T_shaft,N*m,Float64,LEGACY_CONTRACT,LEGACY_CONTRACT,LEGACY_CONTRACT,SIM-L2-0086,BR-PHY-005-SERIES,RESOLVED
EC::CG_338D68ABEF709ACD5E0DDCC6::omega_shaft,CG_338D68ABEF709ACD5E0DDCC6,L2_3500,out_omega_shaft,L2_5300,in_omega_shaft,omega_shaft,rad/s,Float64,LEGACY_CONTRACT,LEGACY_CONTRACT,LEGACY_CONTRACT,SIM-L2-0087,BR-PHY-005-SERIES,RESOLVED
EC::CG_37792F42F4274C7C51C63270::hv_breaker_state,CG_37792F42F4274C7C51C63270,L2_4200,out_hv_breaker_state,L2_4500,in_hv_breaker_state,hv_breaker_state,1,Int32,LEGACY_CONTRACT,ENGINEERING_INFERENCE,LEGACY_CONTRACT,SIM-L2-0004,BR-SIG-001,RESOLVED
EC::CG_37ECA5B04E215AC3E6A4B472::motor_phase_voltage,CG_37ECA5B04E215AC3E6A4B472,L2_5300,out_motor_phase_voltage,L2_5100,in_motor_phase_voltage,motor_phase_voltage,V,Float64,LEGACY_CONTRACT,LEGACY_CONTRACT,LEGACY_CONTRACT,SIM-L2-0020,BR-SIG-001,RESOLVED
EC::CG_3BD24EBE88F37EEFFE563597::U_motor_ll_rms,CG_3BD24EBE88F37EEFFE563597,L2_5100,out_U_motor_ll_rms,L2_5300,in_U_motor_ll_rms,U_motor_ll_rms,V,Float64,LEGACY_CONTRACT,LEGACY_CONTRACT,LEGACY_CONTRACT,SIM-L2-0081,BR-PHY-004-3PH,RESOLVED
EC::CG_3BD24EBE88F37EEFFE563597::f_motor_e,CG_3BD24EBE88F37EEFFE563597,L2_5100,out_f_motor_e,L2_5300,in_f_motor_e,f_motor_e,Hz,Float64,LEGACY_CONTRACT,LEGACY_CONTRACT,LEGACY_CONTRACT,SIM-L2-0082,BR-PHY-004-3PH,RESOLVED
EC::CG_3BD24EBE88F37EEFFE563597::I_motor_rms,CG_3BD24EBE88F37EEFFE563597,L2_5300,out_I_motor_rms,L2_5100,in_I_motor_rms,I_motor_rms,A,Float64,LEGACY_CONTRACT,LEGACY_CONTRACT,LEGACY_CONTRACT,SIM-L2-0083,BR-PHY-004-3PH,RESOLVED
EC::CG_3CA6C3BF7D7B4F80CF0990D0::T_shaft,CG_3CA6C3BF7D7B4F80CF0990D0,L2_3500,out_T_shaft,L2_3100,in_T_shaft,T_shaft,N*m,Float64,LEGACY_CONTRACT,LEGACY_CONTRACT,LEGACY_CONTRACT,SIM-L2-0061,BR-PHY-005-SERIES,RESOLVED
EC::CG_3CA6C3BF7D7B4F80CF0990D0::omega_shaft,CG_3CA6C3BF7D7B4F80CF0990D0,L2_3100,out_omega_shaft,L2_3500,in_omega_shaft,omega_shaft,rad/s,Float64,LEGACY_CONTRACT,LEGACY_CONTRACT,LEGACY_CONTRACT,SIM-L2-0062,BR-PHY-005-SERIES,RESOLVED
EC::CG_40ADD911FF2840BEEAA67F8D::regenerative_power_actual,CG_40ADD911FF2840BEEAA67F8D,L2_5100,out_regenerative_power_actual,L2_8100,in_regenerative_power_actual,regenerative_power_actual,W,Float64,LEGACY_CONTRACT,LEGACY_CONTRACT,LEGACY_CONTRACT,SIM-L2-0012,BR-SIG-001,RESOLVED
EC::CG_4163C3EB1F2D16B7AFCB21C9::emergency_brake_request,CG_4163C3EB1F2D16B7AFCB21C9,L2_8100,out_emergency_brake_request,L2_7200,in_emergency_brake_request,emergency_brake_request,1,Boolean,LEGACY_CONTRACT,ENGINEERING_INFERENCE,LEGACY_CONTRACT,SIM-L2-0031,BR-SIG-001,RESOLVED
EC::CG_41AD09EEB4EAB9DC956C08F8::service_brake_request,CG_41AD09EEB4EAB9DC956C08F8,L2_D100,out_service_brake_request,L2_8100,in_service_brake_request,service_brake_request,1 或 m/s2,Float64,LEGACY_CONTRACT,LEGACY_CONTRACT,LEGACY_CONTRACT,SIM-L2-0046,BR-SIG-001,RESOLVED
EC::CG_46A1EE350324445D016EAF45::motor_speed,CG_46A1EE350324445D016EAF45,L2_5300,out_motor_speed,L2_5100,in_motor_speed,motor_speed,rad/s,Float64,LEGACY_CONTRACT,LEGACY_CONTRACT,LEGACY_CONTRACT,SIM-L2-0019,BR-SIG-001,RESOLVED
EC::CG_4CB0735167799FD438F90DD2::omega_gearbox,CG_4CB0735167799FD438F90DD2,L2_3100,out_omega_gearbox,L2_3600,in_omega_gearbox,omega_gearbox,rad/s,Float64,LEGACY_CONTRACT,LEGACY_CONTRACT,LEGACY_CONTRACT,SIM-L2-0063,BR-PHY-005-TAP,RESOLVED
EC::CG_4E4C49F08CEE642A5C3C67EB::dc_link_current,CG_4E4C49F08CEE642A5C3C67EB,L2_5100,out_dc_link_current,L2_8100,in_dc_link_current,dc_link_current,A,Float64,LEGACY_CONTRACT,LEGACY_CONTRACT,LEGACY_CONTRACT,SIM-L2-0017,BR-SIG-001,RESOLVED
EC::CG_55513667B46680F5B87A0939::traction_converter_fault,CG_55513667B46680F5B87A0939,L2_5100,out_traction_converter_fault,L2_8100,in_traction_converter_fault,traction_converter_fault,1,Int32,LEGACY_CONTRACT,ENGINEERING_INFERENCE,LEGACY_CONTRACT,SIM-L2-0018,BR-SIG-001,RESOLVED
EC::CG_565AF053FC6E3FF333FD7433::sanding_request,CG_565AF053FC6E3FF333FD7433,L2_8100,out_sanding_request,L2_3800,in_sanding_request,sanding_request,1,Boolean,LEGACY_CONTRACT,ENGINEERING_INFERENCE,LEGACY_CONTRACT,SIM-L2-0027,BR-SIG-001,RESOLVED
EC::CG_65E377DBF988541FA5778D1E::motor_torque_actual,CG_65E377DBF988541FA5778D1E,L2_5300,out_motor_torque_actual,L2_8100,in_motor_torque_actual,motor_torque_actual,N*m,Float64,LEGACY_CONTRACT,LEGACY_CONTRACT,LEGACY_CONTRACT,SIM-L2-0022,BR-SIG-001,RESOLVED
EC::CG_663CDC611495882DCD3E5B8F::emergency_brake_request,CG_663CDC611495882DCD3E5B8F,L2_D100,out_emergency_brake_request,L2_8100,in_emergency_brake_request,emergency_brake_request,1,Boolean,LEGACY_CONTRACT,ENGINEERING_INFERENCE,LEGACY_CONTRACT,SIM-L2-0047,BR-SIG-001,RESOLVED
EC::CG_732BB9F5922B7AC9420BB2D0::dc_link_voltage,CG_732BB9F5922B7AC9420BB2D0,L2_5100,out_dc_link_voltage,L2_8100,in_dc_link_voltage,dc_link_voltage,V,Float64,LEGACY_CONTRACT,LEGACY_CONTRACT,LEGACY_CONTRACT,SIM-L2-0016,BR-SIG-001,RESOLVED
EC::CG_7365C853DD9391D9914E0C8A::motor_torque_request,CG_7365C853DD9391D9914E0C8A,L2_8100,out_motor_torque_request,L2_5100,in_motor_torque_request,motor_torque_request,N*m,Float64,LEGACY_CONTRACT,LEGACY_CONTRACT,LEGACY_CONTRACT,SIM-L2-0029,BR-SIG-001,RESOLVED
EC::CG_739E53DD845C8CD2646C8E39::main_reservoir_pressure,CG_739E53DD845C8CD2646C8E39,L2_7100,out_main_reservoir_pressure,L2_8100,in_main_reservoir_pressure,main_reservoir_pressure,Pa,Float64,LEGACY_CONTRACT,LEGACY_CONTRACT,LEGACY_CONTRACT,SIM-L2-0023,BR-SIG-001,RESOLVED
EC::CG_7A2381DC8C36A40B747035A5::ess_power_request,CG_7A2381DC8C36A40B747035A5,L2_8100,out_ess_power_request,L2_X100,in_ess_power_request,ess_power_request,W,Float64,LEGACY_CONTRACT,LEGACY_CONTRACT,LEGACY_CONTRACT,SIM-L2-0039,BR-SIG-001,RESOLVED
EC::CG_86987C60BCB826208FEFEF31::safety_brake_request,CG_86987C60BCB826208FEFEF31,L2_E100,out_safety_brake_request,L2_8100,in_safety_brake_request,safety_brake_request,1,Int32,LEGACY_CONTRACT,ENGINEERING_INFERENCE,LEGACY_CONTRACT,SIM-L2-0048,BR-SIG-001,RESOLVED
EC::CG_89318B491DF9CED18997C36D::external_safety_system_state,CG_89318B491DF9CED18997C36D,L2_E100,out_external_safety_system_state,L2_8100,in_external_safety_system_state,external_safety_system_state,1,Int32,LEGACY_CONTRACT,ENGINEERING_INFERENCE,LEGACY_CONTRACT,SIM-L2-0049,BR-SIG-001,RESOLVED
EC::CG_89DF67BFD358C3EEF4DB05F2::motor_speed,CG_89DF67BFD358C3EEF4DB05F2,L2_3600,out_motor_speed,L2_8100,in_motor_speed,motor_speed,rad/s,Float64,LEGACY_CONTRACT,LEGACY_CONTRACT,LEGACY_CONTRACT,SIM-L2-0001,BR-SIG-001,RESOLVED
EC::CG_8EED0159D22D9EDC70A9EA67::emergency_brake_request,CG_8EED0159D22D9EDC70A9EA67,L2_D100,out_emergency_brake_request,L2_8100,in_emergency_brake_request,emergency_brake_request,1,Boolean,LEGACY_CONTRACT,ENGINEERING_INFERENCE,LEGACY_CONTRACT,SIM-L2-0047,BR-SIG-001,RESOLVED
EC::CG_8F81398231970DBDB0A7F854::pantograph_state,CG_8F81398231970DBDB0A7F854,L2_4100,out_pantograph_state,L2_4200,in_pantograph_state,pantograph_state,1,Int32,LEGACY_CONTRACT,ENGINEERING_INFERENCE,LEGACY_CONTRACT,SIM-L2-0002,BR-SIG-001,RESOLVED
EC::CG_944069F2CBBFA2A01274A9DB::brake_availability,CG_944069F2CBBFA2A01274A9DB,L2_7200,out_brake_availability,L2_8100,in_brake_availability,brake_availability,1,Boolean,LEGACY_CONTRACT,ENGINEERING_INFERENCE,LEGACY_CONTRACT,SIM-L2-0026,BR-SIG-001,RESOLVED
EC::CG_9465AAC3F0B0B115DC3EF9FD::super_cap_soc,CG_9465AAC3F0B0B115DC3EF9FD,L2_X100,out_super_cap_soc,L2_8100,in_super_cap_soc,super_cap_soc,1,Float64,LEGACY_CONTRACT,LEGACY_CONTRACT,LEGACY_CONTRACT,SIM-L2-0053,BR-SIG-001,RESOLVED
EC::CG_979C19823B520B68E370ECB6::service_brake_request,CG_979C19823B520B68E370ECB6,L2_8100,out_service_brake_request,L2_7200,in_service_brake_request,service_brake_request,1 或 m/s2,Float64,LEGACY_CONTRACT,LEGACY_CONTRACT,LEGACY_CONTRACT,SIM-L2-0030,BR-SIG-001,RESOLVED
EC::CG_9ACDE46A41EE650430438B91::hv_breaker_command,CG_9ACDE46A41EE650430438B91,L2_4200,out_hv_breaker_command,L2_8100,in_hv_breaker_command,hv_breaker_command,1,Int32,LEGACY_CONTRACT,ENGINEERING_INFERENCE,LEGACY_CONTRACT,SIM-L2-0008,BR-SIG-001,RESOLVED
EC::CG_9EB19436ED0A54ECCF52C717::U_ac_rms,CG_9EB19436ED0A54ECCF52C717,L2_4100,out_U_ac_rms,L2_4200,in_U_ac_rms,U_ac_rms,V,Float64,LEGACY_CONTRACT,LEGACY_CONTRACT,LEGACY_CONTRACT,SIM-L2-0066,BR-PHY-001-HVAC,RESOLVED
EC::CG_9EB19436ED0A54ECCF52C717::f_ac,CG_9EB19436ED0A54ECCF52C717,L2_4100,out_f_ac,L2_4200,in_f_ac,f_ac,Hz,Float64,LEGACY_CONTRACT,LEGACY_CONTRACT,LEGACY_CONTRACT,SIM-L2-0067,BR-PHY-001-HVAC,RESOLVED
EC::CG_9EB19436ED0A54ECCF52C717::I_ac_rms,CG_9EB19436ED0A54ECCF52C717,L2_4200,out_I_ac_rms,L2_4100,in_I_ac_rms,I_ac_rms,A,Float64,LEGACY_CONTRACT,LEGACY_CONTRACT,LEGACY_CONTRACT,SIM-L2-0068,BR-PHY-001-HVAC,RESOLVED
EC::CG_A0B82CF482DDFB4553F8CFCA::main_reservoir_pressure,CG_A0B82CF482DDFB4553F8CFCA,L2_8100,out_main_reservoir_pressure,L2_7200,in_main_reservoir_pressure,main_reservoir_pressure,Pa,Float64,LEGACY_CONTRACT,LEGACY_CONTRACT,LEGACY_CONTRACT,SIM-L2-0035,BR-SIG-001,RESOLVED
EC::CG_A35E2178763C6233BE73AA36::brake_resistor_dissipated_power,CG_A35E2178763C6233BE73AA36,L2_5100,out_brake_resistor_dissipated_power,L2_8100,in_brake_resistor_dissipated_power,brake_resistor_dissipated_power,W,Float64,LEGACY_CONTRACT,LEGACY_CONTRACT,LEGACY_CONTRACT,SIM-L2-0014,BR-SIG-001,RESOLVED
EC::CG_A3B31951ADAE62C498E76260::train_direction_command,CG_A3B31951ADAE62C498E76260,L2_D100,out_train_direction_command,L2_8100,in_train_direction_command,train_direction_command,1,Int32,LEGACY_CONTRACT,ENGINEERING_INFERENCE,LEGACY_CONTRACT,SIM-L2-0044,BR-SIG-001,RESOLVED
EC::CG_A424455519797490E4F865AA::dc_link_voltage,CG_A424455519797490E4F865AA,L2_5100,out_dc_link_voltage,L2_8100,in_dc_link_voltage,dc_link_voltage,V,Float64,LEGACY_CONTRACT,LEGACY_CONTRACT,LEGACY_CONTRACT,SIM-L2-0016,BR-SIG-001,RESOLVED
EC::CG_A6D783BBFCF6C6DA11FFCF2D::dcdc_actual_power,CG_A6D783BBFCF6C6DA11FFCF2D,L2_X100,out_dcdc_actual_power,L2_8100,in_dcdc_actual_power,dcdc_actual_power,W,Float64,LEGACY_CONTRACT,LEGACY_CONTRACT,LEGACY_CONTRACT,SIM-L2-0054,BR-SIG-001,RESOLVED
EC::CG_B251741505CB19FE47559F29::dynamic_brake_force_request,CG_B251741505CB19FE47559F29,L2_7200,out_dynamic_brake_force_request,L2_8100,in_dynamic_brake_force_request,dynamic_brake_force_request,N,Float64,LEGACY_CONTRACT,LEGACY_CONTRACT,LEGACY_CONTRACT,SIM-L2-0024,BR-SIG-001,RESOLVED
EC::CG_B399D92EE15558C08A95FA03::grid_returned_power,CG_B399D92EE15558C08A95FA03,L2_5100,out_grid_returned_power,L2_8100,in_grid_returned_power,grid_returned_power,W,Float64,LEGACY_CONTRACT,LEGACY_CONTRACT,LEGACY_CONTRACT,SIM-L2-0013,BR-SIG-001,RESOLVED
EC::CG_B483D5C4E4EC5F805E3B0F19::U_ac_rms,CG_B483D5C4E4EC5F805E3B0F19,L2_4200,out_U_ac_rms,L2_4500,in_U_ac_rms,U_ac_rms,V,Float64,LEGACY_CONTRACT,LEGACY_CONTRACT,LEGACY_CONTRACT,SIM-L2-0072,BR-PHY-001-HVAC,RESOLVED
EC::CG_B483D5C4E4EC5F805E3B0F19::f_ac,CG_B483D5C4E4EC5F805E3B0F19,L2_4200,out_f_ac,L2_4500,in_f_ac,f_ac,Hz,Float64,LEGACY_CONTRACT,LEGACY_CONTRACT,LEGACY_CONTRACT,SIM-L2-0073,BR-PHY-001-HVAC,RESOLVED
EC::CG_B483D5C4E4EC5F805E3B0F19::I_ac_rms,CG_B483D5C4E4EC5F805E3B0F19,L2_4500,out_I_ac_rms,L2_4200,in_I_ac_rms,I_ac_rms,A,Float64,LEGACY_CONTRACT,LEGACY_CONTRACT,LEGACY_CONTRACT,SIM-L2-0074,BR-PHY-001-HVAC,RESOLVED
EC::CG_BDD8747118488C9BE895D95F::grid_acceptable_regenerative_power,CG_BDD8747118488C9BE895D95F,L2_5100,out_grid_acceptable_regenerative_power,L2_8100,in_grid_acceptable_regenerative_power,grid_acceptable_regenerative_power,W,Float64,LEGACY_CONTRACT,LEGACY_CONTRACT,LEGACY_CONTRACT,SIM-L2-0015,BR-SIG-001,RESOLVED
EC::CG_BEDE0932E86628B2EFCA8CCD::available_dynamic_brake_force,CG_BEDE0932E86628B2EFCA8CCD,L2_8100,out_available_dynamic_brake_force,L2_7200,in_available_dynamic_brake_force,available_dynamic_brake_force,N,Float64,LEGACY_CONTRACT,LEGACY_CONTRACT,LEGACY_CONTRACT,SIM-L2-0033,BR-SIG-001,RESOLVED
EC::CG_C03EBDD9B3CFF4E6611E41A1::ess_availability,CG_C03EBDD9B3CFF4E6611E41A1,L2_X100,out_ess_availability,L2_8100,in_ess_availability,ess_availability,1,Boolean,LEGACY_CONTRACT,ENGINEERING_INFERENCE,LEGACY_CONTRACT,SIM-L2-0055,BR-SIG-001,RESOLVED
EC::CG_C113ED5B462ACDD4ACE56E91::ess_fault,CG_C113ED5B462ACDD4ACE56E91,L2_X100,out_ess_fault,L2_8100,in_ess_fault,ess_fault,1,Int32,LEGACY_CONTRACT,ENGINEERING_INFERENCE,LEGACY_CONTRACT,SIM-L2-0056,BR-SIG-001,RESOLVED
EC::CG_C8FE042475056BF85CFA2B40::dc_link_voltage,CG_C8FE042475056BF85CFA2B40,L2_5100,out_dc_link_voltage,L2_8100,in_dc_link_voltage,dc_link_voltage,V,Float64,LEGACY_CONTRACT,LEGACY_CONTRACT,LEGACY_CONTRACT,SIM-L2-0016,BR-SIG-001,RESOLVED
EC::CG_CB302083C9F33A1345D9C406::ess_available_charge_power,CG_CB302083C9F33A1345D9C406,L2_X100,out_ess_available_charge_power,L2_8100,in_ess_available_charge_power,ess_available_charge_power,W,Float64,LEGACY_CONTRACT,LEGACY_CONTRACT,LEGACY_CONTRACT,SIM-L2-0051,BR-SIG-001,RESOLVED
EC::CG_CE151D40A2BF816F41762F4C::brake_safety_loop_state,CG_CE151D40A2BF816F41762F4C,L2_8100,out_brake_safety_loop_state,L2_7200,in_brake_safety_loop_state,brake_safety_loop_state,1,Int32,LEGACY_CONTRACT,ENGINEERING_INFERENCE,LEGACY_CONTRACT,SIM-L2-0038,BR-SIG-001,RESOLVED
EC::CG_CE2820923CC0CB141833E11D::hv_system_fault,CG_CE2820923CC0CB141833E11D,L2_4200,out_hv_system_fault,L2_4500,in_hv_system_fault,hv_system_fault,1,Int32,LEGACY_CONTRACT,ENGINEERING_INFERENCE,LEGACY_CONTRACT,SIM-L2-0005,BR-SIG-001,RESOLVED
EC::CG_D4DF5719633CB5B375F35094::motor_torque_actual,CG_D4DF5719633CB5B375F35094,L2_5300,out_motor_torque_actual,L2_5100,in_motor_torque_actual,motor_torque_actual,N*m,Float64,LEGACY_CONTRACT,LEGACY_CONTRACT,LEGACY_CONTRACT,SIM-L2-0021,BR-SIG-001,RESOLVED
EC::CG_D8FCE908D4FD9343C6353985::ess_fault_reset_command,CG_D8FCE908D4FD9343C6353985,L2_8100,out_ess_fault_reset_command,L2_X100,in_ess_fault_reset_command,ess_fault_reset_command,1,Boolean,LEGACY_CONTRACT,ENGINEERING_INFERENCE,LEGACY_CONTRACT,SIM-L2-0043,BR-SIG-001,RESOLVED
EC::CG_D9CD1E8933F596F319A67625::ess_precharge_command,CG_D9CD1E8933F596F319A67625,L2_8100,out_ess_precharge_command,L2_X100,in_ess_precharge_command,ess_precharge_command,1,Boolean,LEGACY_CONTRACT,ENGINEERING_INFERENCE,LEGACY_CONTRACT,SIM-L2-0042,BR-SIG-001,RESOLVED
EC::CG_DA869E241F8A36DBAAC07E48::T_brake,CG_DA869E241F8A36DBAAC07E48,L2_7200,out_T_brake,L2_3100,in_T_brake,T_brake,N*m,Float64,LEGACY_CONTRACT,LEGACY_CONTRACT,LEGACY_CONTRACT,SIM-L2-0088,BR-PHY-007-FRICTION,RESOLVED
EC::CG_DA869E241F8A36DBAAC07E48::omega_wheel,CG_DA869E241F8A36DBAAC07E48,L2_3100,out_omega_wheel,L2_7200,in_omega_wheel,omega_wheel,rad/s,Float64,LEGACY_CONTRACT,LEGACY_CONTRACT,LEGACY_CONTRACT,SIM-L2-0089,BR-PHY-007-FRICTION,RESOLVED
EC::CG_DAF7D43DDD825831F29A70F8::ess_available_discharge_power,CG_DAF7D43DDD825831F29A70F8,L2_X100,out_ess_available_discharge_power,L2_8100,in_ess_available_discharge_power,ess_available_discharge_power,W,Float64,LEGACY_CONTRACT,LEGACY_CONTRACT,LEGACY_CONTRACT,SIM-L2-0052,BR-SIG-001,RESOLVED
EC::CG_E8DAA56D71F2BE4B5E1C9BBF::achieved_dynamic_brake_force,CG_E8DAA56D71F2BE4B5E1C9BBF,L2_8100,out_achieved_dynamic_brake_force,L2_7200,in_achieved_dynamic_brake_force,achieved_dynamic_brake_force,N,Float64,LEGACY_CONTRACT,LEGACY_CONTRACT,LEGACY_CONTRACT,SIM-L2-0034,BR-SIG-001,RESOLVED
EC::CG_E9224B53F74EDFCCFDA0FC70::brake_cylinder_pressure,CG_E9224B53F74EDFCCFDA0FC70,L2_7200,out_brake_cylinder_pressure,L2_8100,in_brake_cylinder_pressure,brake_cylinder_pressure,Pa,Float64,LEGACY_CONTRACT,LEGACY_CONTRACT,LEGACY_CONTRACT,SIM-L2-0025,BR-SIG-001,RESOLVED
EC::CG_ED49C68C1459BB1005D412BB::safety_brake_request,CG_ED49C68C1459BB1005D412BB,L2_8100,out_safety_brake_request,L2_7200,in_safety_brake_request,safety_brake_request,1,Int32,LEGACY_CONTRACT,ENGINEERING_INFERENCE,LEGACY_CONTRACT,SIM-L2-0032,BR-SIG-001,RESOLVED
EC::CG_F55B5E17D8CBFAC80E0961C2::hv_safety_loop_state,CG_F55B5E17D8CBFAC80E0961C2,L2_8100,out_hv_safety_loop_state,L2_4200,in_hv_safety_loop_state,hv_safety_loop_state,1,Int32,LEGACY_CONTRACT,ENGINEERING_INFERENCE,LEGACY_CONTRACT,SIM-L2-0028,BR-SIG-001,RESOLVED
EC::CG_FA31DFA220FEF0D6FAC8EB67::omega_axle,CG_FA31DFA220FEF0D6FAC8EB67,L2_3100,out_omega_axle,L2_3600,in_omega_axle,omega_axle,rad/s,Float64,LEGACY_CONTRACT,LEGACY_CONTRACT,LEGACY_CONTRACT,SIM-L2-0064,BR-PHY-005-TAP,RESOLVED
EC::CG_FE573ED935CFF37491A053E8::line_current,CG_FE573ED935CFF37491A053E8,L2_4200,out_line_current,L2_8100,in_line_current,line_current,A,Float64,LEGACY_CONTRACT,LEGACY_CONTRACT,LEGACY_CONTRACT,SIM-L2-0010,BR-SIG-001,RESOLVED
