component,path,fmi_version,variables,inputs,outputs,sha256
L2_3100,work/simulation/simulink_fmu_v2_1_final/05_fmu/L2_3100.fmu,2.0,7,2,4,9690e3eb3ed889157fc54b598968ce302957c32068836c56829145b23547de4b
L2_3500,work/simulation/simulink_fmu_v2_1_final/05_fmu/L2_3500.fmu,2.0,5,2,2,89cb7c4f544577aa089eea0ee130fec4b33126fe03d9e539342a31d32484d101
L2_3600,work/simulation/simulink_fmu_v2_1_final/05_fmu/L2_3600.fmu,2.0,5,3,1,374d8fb0b1ab9961e02da036de8e9b561764bde84aa4ab8a449ffa775eb17ed2
L2_3800,work/simulation/simulink_fmu_v2_1_final/05_fmu/L2_3800.fmu,2.0,2,1,0,833c24af3565ac1f2a95cbec295a4453100b7b41be0ae5970b07f6650ec95eba
L2_4100,work/simulation/simulink_fmu_v2_1_final/05_fmu/L2_4100.fmu,2.0,6,2,3,fa92037469aae9a3a007f4ec1853ed22abc7db7b948140344298dbf6190095b1
L2_4200,work/simulation/simulink_fmu_v2_1_final/05_fmu/L2_4200.fmu,2.0,16,6,9,fe7ab260e685b82340ae54efb60e6dce046d9c824b213d65d2286ed9c7cb30c3
L2_4400,work/simulation/simulink_fmu_v2_1_final/05_fmu/L2_4400.fmu,2.0,1,0,0,de58652f1eaa150a4749e02c0b87301e5b5be9a98669f4b3c776b604c19df947
L2_4500,work/simulation/simulink_fmu_v2_1_final/05_fmu/L2_4500.fmu,2.0,10,5,4,b8e24ac32d721f820be8f3afcfe974d6ab4c73195fd46017dc85e9360c660478
L2_5100,work/simulation/simulink_fmu_v2_1_final/05_fmu/L2_5100.fmu,2.0,20,9,10,9cdf4a5b18a6c3f4d3d334e2e923add12c4ea6be762bc782245e4f103b4517b6
L2_5300,work/simulation/simulink_fmu_v2_1_final/05_fmu/L2_5300.fmu,2.0,10,3,6,15f6b3c3aad9b015ab8a5ee39839092c2557665402df6887f046c6877358dedf
L2_7100,work/simulation/simulink_fmu_v2_1_final/05_fmu/L2_7100.fmu,2.0,2,0,1,b2480d892ba0758529aeeedb01bc8ac48a002b8cd151e8ba883f65874dd8ebd6
L2_7200,work/simulation/simulink_fmu_v2_1_final/05_fmu/L2_7200.fmu,2.0,15,10,4,6ee4cdbeb010654a97fa44a81d7d9a66a47b9fc1280e885f624e6ca6e7b30006
L2_8100,work/simulation/simulink_fmu_v2_1_final/05_fmu/L2_8100.fmu,2.0,47,29,17,2961f2b3e114b610d3c74b45fe66d6fc7a3d77d2b8b8b52995b5ae47365f885c
L2_D100,work/simulation/simulink_fmu_v2_1_final/05_fmu/L2_D100.fmu,2.0,5,0,4,3d8b445d1da4fbc4f20be935338111d2912a8117460781c4c3fc841c64c6eaf5
L2_E100,work/simulation/simulink_fmu_v2_1_final/05_fmu/L2_E100.fmu,2.0,3,0,2,31ad50799a4f60a9468ecce832d5fff4f577182abaee053ef1ee40f97b13121d
L2_X100,work/simulation/simulink_fmu_v2_1_final/05_fmu/L2_X100.fmu,2.0,13,5,7,d586a4abc640054a8e1cf1a479fbf3c5337bb692b577f5ace1e03a464b88ce40
